"05013006","20201001","20201031","20201120"
"05013006","20201101","20201130","20201221"
"05013006","20201201","20201231","20210120"
"05013006","20210101","20210131","20210222"
"05013006","20210201","20210228","20210322"
"05013006","20210301","20210331","20210420"
"05013006","20210401","20210430","20210520"
"05013006","20210501","20210531","20210621"
"05013006","20210601","20210630","20210720"
"05013006","20210701","20210731","20210820"
"05013006","20210801","20210831","20210921"
"05013006","20210901","20210930","20211020"
"05013009","20201001","20201031","20201120"
"05013009","20201101","20201130","20201221"
"05013009","20201201","20201231","20210120"
"05013009","20210101","20210131","20210222"
"05013009","20210201","20210228","20210322"
"05013009","20210301","20210331","20210420"
"05013009","20210401","20210430","20210520"
"05013009","20210501","20210531","20210621"
"05013009","20210601","20210630","20210720"
"05013009","20210701","20210731","20210820"
"05013009","20210801","20210831","20210921"
"05013009","20210901","20210930","20211020"
