--**********************************************DEFAULT Value INSERT:START********************************************************--
--------------------------------------------Personal  client:START------------------------------------
Insert into Jd1dta.DMDEFVALPF (MODULEID,MODULEDESC,KEYCOL,VALCOL) values ('BQ9Q6','Personal Client','CLNTPFX'	,'CN');
Insert into Jd1dta.DMDEFVALPF (MODULEID,MODULEDESC,KEYCOL,VALCOL) values ('BQ9Q6','Personal Client','CLNTCOY'	,'9');
Insert into Jd1dta.DMDEFVALPF (MODULEID,MODULEDESC,KEYCOL,VALCOL) values ('BQ9Q6','Personal Client','VALIDFLAG'	,'1');
Insert into Jd1dta.DMDEFVALPF (MODULEID,MODULEDESC,KEYCOL,VALCOL) values ('BQ9Q6','Personal Client','CLTTYPE'	,'P');
Insert into Jd1dta.DMDEFVALPF (MODULEID,MODULEDESC,KEYCOL,VALCOL) values ('BQ9Q6','Personal Client','CTRYCODE'	,'JPN');
Insert into Jd1dta.DMDEFVALPF (MODULEID,MODULEDESC,KEYCOL,VALCOL) values ('BQ9Q6','Personal Client','CLTDOD'	,'99999999');
Insert into Jd1dta.DMDEFVALPF (MODULEID,MODULEDESC,KEYCOL,VALCOL) values ('BQ9Q6','Personal Client','CLTSTAT'	,'AC');
Insert into Jd1dta.DMDEFVALPF (MODULEID,MODULEDESC,KEYCOL,VALCOL) values ('BQ9Q6','Personal Client','CLTMCHG'	,'N');
Insert into Jd1dta.DMDEFVALPF (MODULEID,MODULEDESC,KEYCOL,VALCOL) values ('BQ9Q6','Personal Client','ROLEFLAG05' , 'Y');  
Insert into Jd1dta.DMDEFVALPF (MODULEID,MODULEDESC,KEYCOL,VALCOL) values ('BQ9Q6','Personal Client','ROLEFLAG14' , 'Y');
Insert into Jd1dta.DMDEFVALPF (MODULEID,MODULEDESC,KEYCOL,VALCOL) values ('BQ9Q6','Personal Client','ROLEFLAG18' , 'Y');
Insert into Jd1dta.DMDEFVALPF (MODULEID,MODULEDESC,KEYCOL,VALCOL) values ('BQ9Q6','Personal Client','CLTIND'	,'C');
Insert into Jd1dta.DMDEFVALPF (MODULEID,MODULEDESC,KEYCOL,VALCOL) values ('BQ9Q6','Personal Client','LANGUAGE'	,'J');
Insert into Jd1dta.DMDEFVALPF (MODULEID,MODULEDESC,KEYCOL,VALCOL) values ('BQ9Q6','Personal Client','CAPITAL'	,'0');
Insert into Jd1dta.DMDEFVALPF (MODULEID,MODULEDESC,KEYCOL,VALCOL) values ('BQ9Q6','Personal Client','ETHORIG'	,'3');
Insert into Jd1dta.DMDEFVALPF (MODULEID,MODULEDESC,KEYCOL,VALCOL) values ('BQ9Q6','Personal Client','SRDATE'	,'19010101');
Insert into Jd1dta.DMDEFVALPF (MODULEID,MODULEDESC,KEYCOL,VALCOL) values ('BQ9Q6','Personal Client','EXCEP'	,'N');
Insert into Jd1dta.DMDEFVALPF (MODULEID,MODULEDESC,KEYCOL,VALCOL) values ('BQ9Q6','Personal Client','TAXFLAG'	,'N');
Insert into Jd1dta.DMDEFVALPF (MODULEID,MODULEDESC,KEYCOL,VALCOL) values ('BQ9Q6','Personal Client','Z1GSTREGD'	 , '0');
Insert into Jd1dta.DMDEFVALPF (MODULEID,MODULEDESC,KEYCOL,VALCOL) values ('BQ9Q6','Personal Client','SERVBRH'	 , '31');

--------------------------------------------Personal  client:END------------------------------------

---------------------------------------------CLIENT HISTORY:START------------------------------------
Insert into Jd1dta.DMDEFVALPF (MODULEID,MODULEDESC,KEYCOL,VALCOL) values ('BQ9TV','Client History Migration','CAPITAL','0');
Insert into Jd1dta.DMDEFVALPF (MODULEID,MODULEDESC,KEYCOL,VALCOL) values ('BQ9TV','Client History Migration','CLNTCOY','9');
Insert into Jd1dta.DMDEFVALPF (MODULEID,MODULEDESC,KEYCOL,VALCOL) values ('BQ9TV','Client History Migration','CLNTPFX','CN');
Insert into Jd1dta.DMDEFVALPF (MODULEID,MODULEDESC,KEYCOL,VALCOL) values ('BQ9TV','Client History Migration','CLTDOD','99999999');
Insert into Jd1dta.DMDEFVALPF (MODULEID,MODULEDESC,KEYCOL,VALCOL) values ('BQ9TV','Client History Migration','CLTIND','C');
Insert into Jd1dta.DMDEFVALPF (MODULEID,MODULEDESC,KEYCOL,VALCOL) values ('BQ9TV','Client History Migration','CLTMCHG','N');
Insert into Jd1dta.DMDEFVALPF (MODULEID,MODULEDESC,KEYCOL,VALCOL) values ('BQ9TV','Client History Migration','CLTSTAT','AC');
Insert into Jd1dta.DMDEFVALPF (MODULEID,MODULEDESC,KEYCOL,VALCOL) values ('BQ9TV','Client History Migration','CLTTYPE','P');
Insert into Jd1dta.DMDEFVALPF (MODULEID,MODULEDESC,KEYCOL,VALCOL) values ('BQ9TV','Client History Migration','CTRYCODE','JPN');
Insert into Jd1dta.DMDEFVALPF (MODULEID,MODULEDESC,KEYCOL,VALCOL) values ('BQ9TV','Client History Migration','ETHORIG','3');
Insert into Jd1dta.DMDEFVALPF (MODULEID,MODULEDESC,KEYCOL,VALCOL) values ('BQ9TV','Client History Migration','EXCEP','N');
Insert into Jd1dta.DMDEFVALPF (MODULEID,MODULEDESC,KEYCOL,VALCOL) values ('BQ9TV','Client History Migration','FORECOY','1');
Insert into Jd1dta.DMDEFVALPF (MODULEID,MODULEDESC,KEYCOL,VALCOL) values ('BQ9TV','Client History Migration','FOREPFX','CH');
Insert into Jd1dta.DMDEFVALPF (MODULEID,MODULEDESC,KEYCOL,VALCOL) values ('BQ9TV','Client History Migration','LANGUAGE','J');
Insert into Jd1dta.DMDEFVALPF (MODULEID,MODULEDESC,KEYCOL,VALCOL) values ('BQ9TV','Client History Migration','ROLEFLAG05','Y');
Insert into Jd1dta.DMDEFVALPF (MODULEID,MODULEDESC,KEYCOL,VALCOL) values ('BQ9TV','Client History Migration','ROLEFLAG14','Y');
Insert into Jd1dta.DMDEFVALPF (MODULEID,MODULEDESC,KEYCOL,VALCOL) values ('BQ9TV','Client History Migration','ROLEFLAG18','Y');
Insert into Jd1dta.DMDEFVALPF (MODULEID,MODULEDESC,KEYCOL,VALCOL) values ('BQ9TV','Client History Migration','SERVBRH','31');
Insert into Jd1dta.DMDEFVALPF (MODULEID,MODULEDESC,KEYCOL,VALCOL) values ('BQ9TV','Client History Migration','SRDATE','20250819');
Insert into Jd1dta.DMDEFVALPF (MODULEID,MODULEDESC,KEYCOL,VALCOL) values ('BQ9TV','Client History Migration','TAXFLAG','N');
Insert into Jd1dta.DMDEFVALPF (MODULEID,MODULEDESC,KEYCOL,VALCOL) values ('BQ9TV','Client History Migration','VALIDFLAG','1');
Insert into Jd1dta.DMDEFVALPF (MODULEID,MODULEDESC,KEYCOL,VALCOL) values ('BQ9TV','Client History Migration','Z1GSTREGD','0');

---------------------------------------------CLIENT HISTORY:END------------------------------------
---------------------------------------------CORPORATE CLIENT:START------------------------------------
Insert into Jd1dta.DMDEFVALPF (MODULEID,MODULEDESC,KEYCOL,VALCOL) values ('BQ9Q7','Corporate Client Migration','CAPITAL','0');
Insert into Jd1dta.DMDEFVALPF (MODULEID,MODULEDESC,KEYCOL,VALCOL) values ('BQ9Q7','Corporate Client Migration','CLNTCOY','9');
Insert into Jd1dta.DMDEFVALPF (MODULEID,MODULEDESC,KEYCOL,VALCOL) values ('BQ9Q7','Corporate Client Migration','CLNTPFX','CN');
Insert into Jd1dta.DMDEFVALPF (MODULEID,MODULEDESC,KEYCOL,VALCOL) values ('BQ9Q7','Corporate Client Migration','CLTDOD','99999999');
Insert into Jd1dta.DMDEFVALPF (MODULEID,MODULEDESC,KEYCOL,VALCOL) values ('BQ9Q7','Corporate Client Migration','CLTIND','C');
Insert into Jd1dta.DMDEFVALPF (MODULEID,MODULEDESC,KEYCOL,VALCOL) values ('BQ9Q7','Corporate Client Migration','CLTMCHG','N');
Insert into Jd1dta.DMDEFVALPF (MODULEID,MODULEDESC,KEYCOL,VALCOL) values ('BQ9Q7','Corporate Client Migration','CLTSTAT','AC');
Insert into Jd1dta.DMDEFVALPF (MODULEID,MODULEDESC,KEYCOL,VALCOL) values ('BQ9Q7','Corporate Client Migration','CLTTYPE','C');
Insert into Jd1dta.DMDEFVALPF (MODULEID,MODULEDESC,KEYCOL,VALCOL) values ('BQ9Q7','Corporate Client Migration','CTRYCODE','JPN');
Insert into Jd1dta.DMDEFVALPF (MODULEID,MODULEDESC,KEYCOL,VALCOL) values ('BQ9Q7','Corporate Client Migration','DIRMAIL','N');
Insert into Jd1dta.DMDEFVALPF (MODULEID,MODULEDESC,KEYCOL,VALCOL) values ('BQ9Q7','Corporate Client Migration','FAO',' ');
Insert into Jd1dta.DMDEFVALPF (MODULEID,MODULEDESC,KEYCOL,VALCOL) values ('BQ9Q7','Corporate Client Migration','IDEXPIREDATE','0');
Insert into Jd1dta.DMDEFVALPF (MODULEID,MODULEDESC,KEYCOL,VALCOL) values ('BQ9Q7','Corporate Client Migration','LANGUAGE','J');
Insert into Jd1dta.DMDEFVALPF (MODULEID,MODULEDESC,KEYCOL,VALCOL) values ('BQ9Q7','Corporate Client Migration','MAILING','N');
Insert into Jd1dta.DMDEFVALPF (MODULEID,MODULEDESC,KEYCOL,VALCOL) values ('BQ9Q7','Corporate Client Migration','SRDATE','19010101');
Insert into Jd1dta.DMDEFVALPF (MODULEID,MODULEDESC,KEYCOL,VALCOL) values ('BQ9Q7','Corporate Client Migration','TAXFLAG','Y');
Insert into Jd1dta.DMDEFVALPF (MODULEID,MODULEDESC,KEYCOL,VALCOL) values ('BQ9Q7','Corporate Client Migration','VALIDFLAG','1');
Insert into Jd1dta.DMDEFVALPF (MODULEID,MODULEDESC,KEYCOL,VALCOL) values ('BQ9Q7','Corporate Client Migration','VIP','N');
Insert into Jd1dta.DMDEFVALPF (MODULEID,MODULEDESC,KEYCOL,VALCOL) values ('BQ9Q7','Corporate Client Migration','Z1GSTREGD','0');
---------------------------------------------CORPORATE CLIENT:START------------------------------------

---------------------------------------------LETTER:START------------------------------------
Insert into Jd1dta.DMDEFVALPF (MODULEID,MODULEDESC,KEYCOL,VALCOL) values ('BQ9RF','Letter History','CHDRCOY','1');
Insert into Jd1dta.DMDEFVALPF (MODULEID,MODULEDESC,KEYCOL,VALCOL) values ('BQ9RF','Letter History','CLNTCOY','9');
Insert into Jd1dta.DMDEFVALPF (MODULEID,MODULEDESC,KEYCOL,VALCOL) values ('BQ9RF','Letter History','LETSTAT','9');
Insert into Jd1dta.DMDEFVALPF (MODULEID,MODULEDESC,KEYCOL,VALCOL) values ('BQ9RF','Letter History','QUOTENO',null);
Insert into Jd1dta.DMDEFVALPF (MODULEID,MODULEDESC,KEYCOL,VALCOL) values ('BQ9RF','Letter History','RDOCCOY','1');
Insert into Jd1dta.DMDEFVALPF (MODULEID,MODULEDESC,KEYCOL,VALCOL) values ('BQ9RF','Letter History','RDOCPFX','CH');
Insert into Jd1dta.DMDEFVALPF (MODULEID,MODULEDESC,KEYCOL,VALCOL) values ('BQ9RF','Letter History','REQCOY','1');
Insert into Jd1dta.DMDEFVALPF (MODULEID,MODULEDESC,KEYCOL,VALCOL) values ('BQ9RF','Letter History','SERVUNIT','GP');
Insert into Jd1dta.DMDEFVALPF (MODULEID,MODULEDESC,KEYCOL,VALCOL) values ('BQ9RF','Letter History','TRANNO','1');
Insert into Jd1dta.DMDEFVALPF (MODULEID,MODULEDESC,KEYCOL,VALCOL) values ('BQ9RF','Letter History','ZDUPLEX','N');
Insert into Jd1dta.DMDEFVALPF (MODULEID,MODULEDESC,KEYCOL,VALCOL) values ('BQ9RF','Letter History','ZGOODBYE','N');
Insert into Jd1dta.DMDEFVALPF (MODULEID,MODULEDESC,KEYCOL,VALCOL) values ('BQ9RF','Letter History','ZRMDLETT','N');
Insert into Jd1dta.DMDEFVALPF (MODULEID,MODULEDESC,KEYCOL,VALCOL) values ('BQ9RF','Letter History','ZZCOPIES','1');
Insert into Jd1dta.DMDEFVALPF (MODULEID,MODULEDESC,KEYCOL,VALCOL) values ('BQ9RF','Letter History','ZENVSEQN','0000');
Insert into Jd1dta.DMDEFVALPF (MODULEID,MODULEDESC,KEYCOL,VALCOL) values ('BQ9RF','Letter History','ZLETDEST','2');
Insert into Jd1dta.DMDEFVALPF (MODULEID,MODULEDESC,KEYCOL,VALCOL) values ('BQ9RF','Letter History','ZDESPER','0');
Insert into Jd1dta.DMDEFVALPF (MODULEID,MODULEDESC,KEYCOL,VALCOL) values ('BQ9RF','Letter History','ZAPSTMPD','N');
Insert into Jd1dta.DMDEFVALPF (MODULEID,MODULEDESC,KEYCOL,VALCOL) values ('BQ9RF','Letter History','ZREMDT01','99999999');
Insert into Jd1dta.DMDEFVALPF (MODULEID,MODULEDESC,KEYCOL,VALCOL) values ('BQ9RF','Letter History','ZREMDT02','99999999');
Insert into Jd1dta.DMDEFVALPF (MODULEID,MODULEDESC,KEYCOL,VALCOL) values ('BQ9RF','Letter History','ZREMDT03','99999999');
Insert into Jd1dta.DMDEFVALPF (MODULEID,MODULEDESC,KEYCOL,VALCOL) values ('BQ9RF','Letter History','ZRMPDYN01','N');
Insert into Jd1dta.DMDEFVALPF (MODULEID,MODULEDESC,KEYCOL,VALCOL) values ('BQ9RF','Letter History','ZRMPDYN02','N');
Insert into Jd1dta.DMDEFVALPF (MODULEID,MODULEDESC,KEYCOL,VALCOL) values ('BQ9RF','Letter History','ZRMPDYN03','N');
Insert into Jd1dta.DMDEFVALPF (MODULEID,MODULEDESC,KEYCOL,VALCOL) values ('BQ9RF','Letter History','ZNOFTDSP','0');
---------------------------------------------LETTER:END------------------------------------

---------------------------------------------CLIENT BANK:START------------------------------------

Insert into Jd1dta.DMDEFVALPF (MODULEID,MODULEDESC,KEYCOL,VALCOL) values ('BQ9RU','Client Bank Migration','BILLAMT01','0');
Insert into Jd1dta.DMDEFVALPF (MODULEID,MODULEDESC,KEYCOL,VALCOL) values ('BQ9RU','Client Bank Migration','BILLAMT02','0');
Insert into Jd1dta.DMDEFVALPF (MODULEID,MODULEDESC,KEYCOL,VALCOL) values ('BQ9RU','Client Bank Migration','BILLAMT03','0');
Insert into Jd1dta.DMDEFVALPF (MODULEID,MODULEDESC,KEYCOL,VALCOL) values ('BQ9RU','Client Bank Migration','BILLAMT04','0');
Insert into Jd1dta.DMDEFVALPF (MODULEID,MODULEDESC,KEYCOL,VALCOL) values ('BQ9RU','Client Bank Migration','BILLDATE01','0');
Insert into Jd1dta.DMDEFVALPF (MODULEID,MODULEDESC,KEYCOL,VALCOL) values ('BQ9RU','Client Bank Migration','BILLDATE02','0');
Insert into Jd1dta.DMDEFVALPF (MODULEID,MODULEDESC,KEYCOL,VALCOL) values ('BQ9RU','Client Bank Migration','BILLDATE03','0');
Insert into Jd1dta.DMDEFVALPF (MODULEID,MODULEDESC,KEYCOL,VALCOL) values ('BQ9RU','Client Bank Migration','BILLDATE04','0');
Insert into Jd1dta.DMDEFVALPF (MODULEID,MODULEDESC,KEYCOL,VALCOL) values ('BQ9RU','Client Bank Migration','CLNTCOY','9');
Insert into Jd1dta.DMDEFVALPF (MODULEID,MODULEDESC,KEYCOL,VALCOL) values ('BQ9RU','Client Bank Migration','CLNTPFX','CN');
Insert into Jd1dta.DMDEFVALPF (MODULEID,MODULEDESC,KEYCOL,VALCOL) values ('BQ9RU','Client Bank Migration','CURRCODE','YEN');
Insert into Jd1dta.DMDEFVALPF (MODULEID,MODULEDESC,KEYCOL,VALCOL) values ('BQ9RU','Client Bank Migration','CURRFROM','19010101');
Insert into Jd1dta.DMDEFVALPF (MODULEID,MODULEDESC,KEYCOL,VALCOL) values ('BQ9RU','Client Bank Migration','CURRTO','99999999');
Insert into Jd1dta.DMDEFVALPF (MODULEID,MODULEDESC,KEYCOL,VALCOL) values ('BQ9RU','Client Bank Migration','MTHTO','0');
Insert into Jd1dta.DMDEFVALPF (MODULEID,MODULEDESC,KEYCOL,VALCOL) values ('BQ9RU','Client Bank Migration','VALIDFLAG','1');
Insert into Jd1dta.DMDEFVALPF (MODULEID,MODULEDESC,KEYCOL,VALCOL) values ('BQ9RU','Client Bank Migration','YEARTO','0');
Insert into Jd1dta.DMDEFVALPF (MODULEID,MODULEDESC,KEYCOL,VALCOL) values ('BQ9RU','Client Bank Migration','CRCIND','C');
Insert into Jd1dta.DMDEFVALPF (MODULEID,MODULEDESC,KEYCOL,VALCOL) values ('BQ9RU','Client Bank Migration','FOREPFX','00');




---------------------------------------------CLIENT BANK:START------------------------------------

---------------------------------------------AGENCY Migration:START------------------------------------

Insert into Jd1dta.DMDEFVALPF (MODULEID,MODULEDESC,KEYCOL,VALCOL) values ('BQ9S5','Agency Migration','AGSTDATE','99999999');
Insert into Jd1dta.DMDEFVALPF (MODULEID,MODULEDESC,KEYCOL,VALCOL) values ('BQ9S5','Agency Migration','APRVDATE','0');
Insert into Jd1dta.DMDEFVALPF (MODULEID,MODULEDESC,KEYCOL,VALCOL) values ('BQ9S5','Agency Migration','CLNTCOY','9');
Insert into Jd1dta.DMDEFVALPF (MODULEID,MODULEDESC,KEYCOL,VALCOL) values ('BQ9S5','Agency Migration','CLNTPFX','CN');
Insert into Jd1dta.DMDEFVALPF (MODULEID,MODULEDESC,KEYCOL,VALCOL) values ('BQ9S5','Agency Migration','ENDDATE','99999999');
Insert into Jd1dta.DMDEFVALPF (MODULEID,MODULEDESC,KEYCOL,VALCOL) values ('BQ9S5','Agency Migration','FGAGNT','Y');
Insert into Jd1dta.DMDEFVALPF (MODULEID,MODULEDESC,KEYCOL,VALCOL) values ('BQ9S5','Agency Migration','LICNEXDT','99999999');
Insert into Jd1dta.DMDEFVALPF (MODULEID,MODULEDESC,KEYCOL,VALCOL) values ('BQ9S5','Agency Migration','LOB','G');
Insert into Jd1dta.DMDEFVALPF (MODULEID,MODULEDESC,KEYCOL,VALCOL) values ('BQ9S5','Agency Migration','REPLVL','1');
Insert into Jd1dta.DMDEFVALPF (MODULEID,MODULEDESC,KEYCOL,VALCOL) values ('BQ9S5','Agency Migration','STLBASIS','N');
Insert into Jd1dta.DMDEFVALPF (MODULEID,MODULEDESC,KEYCOL,VALCOL) values ('BQ9S5','Agency Migration','STRTDATE','99999999');
Insert into Jd1dta.DMDEFVALPF (MODULEID,MODULEDESC,KEYCOL,VALCOL) values ('BQ9S5','Agency Migration','VALIDFLAG','1');
Insert into Jd1dta.DMDEFVALPF (MODULEID,MODULEDESC,KEYCOL,VALCOL) values ('BQ9S5','Agency Migration','AGNTCOY','1');
Insert into Jd1dta.DMDEFVALPF (MODULEID,MODULEDESC,KEYCOL,VALCOL) values ('BQ9S5','Agency Migration','AGNTPFX','AG');
Insert into Jd1dta.DMDEFVALPF (MODULEID,MODULEDESC,KEYCOL,VALCOL) values ('BQ9S5','Agency Migration','AGNTREL','AG');

Insert into Jd1dta.DMDEFVALPF (MODULEID,MODULEDESC,KEYCOL,VALCOL) values ('BQ9S5','Agency Migration','BLKLIMIT',0);
Insert into Jd1dta.DMDEFVALPF (MODULEID,MODULEDESC,KEYCOL,VALCOL) values ('BQ9S5','Agency Migration','PROVSTAT','AP');
Insert into Jd1dta.DMDEFVALPF (MODULEID,MODULEDESC,KEYCOL,VALCOL) values ('BQ9S5','Agency Migration','AUTHDATE',99999999);
Insert into Jd1dta.DMDEFVALPF (MODULEID,MODULEDESC,KEYCOL,VALCOL) values ('BQ9S5','Agency Migration','ZSKPAUTOC','N');
Insert into Jd1dta.DMDEFVALPF (MODULEID,MODULEDESC,KEYCOL,VALCOL) values ('BQ9S5','Agency Migration','CRLIMIT',0);
Insert into Jd1dta.DMDEFVALPF (MODULEID,MODULEDESC,KEYCOL,VALCOL) values ('BQ9S5','Agency Migration','CREDTERM',0); 
Insert into Jd1dta.DMDEFVALPF (MODULEID,MODULEDESC,KEYCOL,VALCOL) values ('BQ9S5','Agency Migration','TMPCRLMT',0); 


---------------------------------------------AGENCY Migration:START------------------------------------

---------------------------------------------Member and IND:START------------------------------------

Insert into Jd1dta.DMDEFVALPF (MODULEID,MODULEDESC,KEYCOL,VALCOL) values ('BQ9SC','Member and IND policy','AGNTPFX','AG');
Insert into Jd1dta.DMDEFVALPF (MODULEID,MODULEDESC,KEYCOL,VALCOL) values ('BQ9SC','Member and IND policy','CASHLESS','N');
Insert into Jd1dta.DMDEFVALPF (MODULEID,MODULEDESC,KEYCOL,VALCOL) values ('BQ9SC','Member and IND policy','CHDRPFX','CH');
Insert into Jd1dta.DMDEFVALPF (MODULEID,MODULEDESC,KEYCOL,VALCOL) values ('BQ9SC','Member and IND policy','CLNTPFX','CN');
Insert into Jd1dta.DMDEFVALPF (MODULEID,MODULEDESC,KEYCOL,VALCOL) values ('BQ9SC','Member and IND policy','COWNPFX','CN');
Insert into Jd1dta.DMDEFVALPF (MODULEID,MODULEDESC,KEYCOL,VALCOL) values ('BQ9SC','Member and IND policy','CVNTYPE','CV');
Insert into Jd1dta.DMDEFVALPF (MODULEID,MODULEDESC,KEYCOL,VALCOL) values ('BQ9SC','Member and IND policy','DPNTNO','00');
Insert into Jd1dta.DMDEFVALPF (MODULEID,MODULEDESC,KEYCOL,VALCOL) values ('BQ9SC','Member and IND policy','ECNV','Y');
Insert into Jd1dta.DMDEFVALPF (MODULEID,MODULEDESC,KEYCOL,VALCOL) values ('BQ9SC','Member and IND policy','HEADCNT','N');
Insert into Jd1dta.DMDEFVALPF (MODULEID,MODULEDESC,KEYCOL,VALCOL) values ('BQ9SC','Member and IND policy','LDPNTNO','1');
Insert into Jd1dta.DMDEFVALPF (MODULEID,MODULEDESC,KEYCOL,VALCOL) values ('BQ9SC','Member and IND policy','LHEADNO','0');
Insert into Jd1dta.DMDEFVALPF (MODULEID,MODULEDESC,KEYCOL,VALCOL) values ('BQ9SC','Member and IND policy','LMBRNO','0');
Insert into Jd1dta.DMDEFVALPF (MODULEID,MODULEDESC,KEYCOL,VALCOL) values ('BQ9SC','Member and IND policy','MLVLPLAN','001');
Insert into Jd1dta.DMDEFVALPF (MODULEID,MODULEDESC,KEYCOL,VALCOL) values ('BQ9SC','Member and IND policy','NOTSFROM','99999999');
Insert into Jd1dta.DMDEFVALPF (MODULEID,MODULEDESC,KEYCOL,VALCOL) values ('BQ9SC','Member and IND policy','PNTRCDE','T902'); 
Insert into Jd1dta.DMDEFVALPF (MODULEID,MODULEDESC,KEYCOL,VALCOL) values ('BQ9SC','Member and IND policy','POLSCHPFLG','N');
Insert into Jd1dta.DMDEFVALPF (MODULEID,MODULEDESC,KEYCOL,VALCOL) values ('BQ9SC','Member and IND policy','SERVUNIT','GP');
Insert into Jd1dta.DMDEFVALPF (MODULEID,MODULEDESC,KEYCOL,VALCOL) values ('BQ9SC','Member and IND policy','VALIDFLAG','1');
Insert into Jd1dta.DMDEFVALPF (MODULEID,MODULEDESC,KEYCOL,VALCOL) values ('BQ9SC','Member and IND policy','ZINHDSCLM','N');
Insert into Jd1dta.DMDEFVALPF (MODULEID,MODULEDESC,KEYCOL,VALCOL) values ('BQ9SC','Member and IND policy','ZWRKPCT','0');
Insert into Jd1dta.DMDEFVALPF (MODULEID,MODULEDESC,KEYCOL,VALCOL) values ('BQ9SC','Member and IND policy','QUOTETYPE','0');

Insert into Jd1dta.DMDEFVALPF (MODULEID,MODULEDESC,KEYCOL,VALCOL) values ('BQ9SC','Member and IND policy','ADDRINDC','N');  --NU
Insert into Jd1dta.DMDEFVALPF (MODULEID,MODULEDESC,KEYCOL,VALCOL) values ('BQ9SC','Member and IND policy','HEADCNTIND','M');  --NU
Insert into Jd1dta.DMDEFVALPF (MODULEID,MODULEDESC,KEYCOL,VALCOL) values ('BQ9SC','Member and IND policy','INDICX','A');  --NU
Insert into Jd1dta.DMDEFVALPF (MODULEID,MODULEDESC,KEYCOL,VALCOL) values ('BQ9SC','Member and IND policy','INFORCE','Y');  --NU
Insert into Jd1dta.DMDEFVALPF (MODULEID,MODULEDESC,KEYCOL,VALCOL) values ('BQ9SC','Member and IND policy','INSUFFMN','Y'); --NU
Insert into Jd1dta.DMDEFVALPF (MODULEID,MODULEDESC,KEYCOL,VALCOL) values ('BQ9SC','Member and IND policy','PERSONCOV','N'); --NU
Insert into Jd1dta.DMDEFVALPF (MODULEID,MODULEDESC,KEYCOL,VALCOL) values ('BQ9SC','Member and IND policy','PLANNO','1');  --NU
Insert into Jd1dta.DMDEFVALPF (MODULEID,MODULEDESC,KEYCOL,VALCOL) values ('BQ9SC','Member and IND policy','RESNCDA','1');  --NU
Insert into Jd1dta.DMDEFVALPF (MODULEID,MODULEDESC,KEYCOL,VALCOL) values ('BQ9SC','Member and IND policy','RESNCDT','51');  --NU
Insert into Jd1dta.DMDEFVALPF (MODULEID,MODULEDESC,KEYCOL,VALCOL) values ('BQ9SC','Member and IND policy','SRCDATA','A');  --NU
Insert into Jd1dta.DMDEFVALPF (MODULEID,MODULEDESC,KEYCOL,VALCOL) values ('BQ9SC','Member and IND policy','UPDTYPEN','N');  --NU
Insert into Jd1dta.DMDEFVALPF (MODULEID,MODULEDESC,KEYCOL,VALCOL) values ('BQ9SC','Member and IND policy','UPDTYPET','T');   --NU
Insert into Jd1dta.DMDEFVALPF (MODULEID,MODULEDESC,KEYCOL,VALCOL) values ('BQ9SC','Member and IND policy','ZQUOTIND','N'); --NU
Insert into Jd1dta.DMDEFVALPF (MODULEID,MODULEDESC,KEYCOL,VALCOL) values ('BQ9SC','Member and IND policy','ZTIERNO','1');  --NU

---------------------------------------------Member and IND:END------------------------------------

---------------------------------------------Billing History:START------------------------------------
Insert into Jd1dta.DMDEFVALPF (MODULEID,MODULEDESC,KEYCOL,VALCOL) values ('BQ9TK','Billing History DM','BILLTYP','N');
Insert into Jd1dta.DMDEFVALPF (MODULEID,MODULEDESC,KEYCOL,VALCOL) values ('BQ9TK','Billing History DM','VALIDFLAG','1');
Insert into Jd1dta.DMDEFVALPF (MODULEID,MODULEDESC,KEYCOL,VALCOL) values ('BQ9TK','Billing History DM','BILFLAG','N');
Insert into Jd1dta.DMDEFVALPF (MODULEID,MODULEDESC,KEYCOL,VALCOL) values ('BQ9TK','Billing History DM','NRFLG','N');
Insert into Jd1dta.DMDEFVALPF (MODULEID,MODULEDESC,KEYCOL,VALCOL) values ('BQ9TK','Billing History DM','REVFLAG','N');
Insert into Jd1dta.DMDEFVALPF (MODULEID,MODULEDESC,KEYCOL,VALCOL) values ('BQ9TK','Billing History DM','PLANNO','001');
Insert into Jd1dta.DMDEFVALPF (MODULEID,MODULEDESC,KEYCOL,VALCOL) values ('BQ9TK','Billing History DM','HEADCNTIND','M');
Insert into Jd1dta.DMDEFVALPF (MODULEID,MODULEDESC,KEYCOL,VALCOL) values ('BQ9TK','Billing History DM','RECNO','1');
Insert into Jd1dta.DMDEFVALPF (MODULEID,MODULEDESC,KEYCOL,VALCOL) values ('BQ9TK','Billing History DM','PNIND','I');
Insert into Jd1dta.DMDEFVALPF (MODULEID,MODULEDESC,KEYCOL,VALCOL) values ('BQ9TK','Billing History DM','MMIND','L');
Insert into Jd1dta.DMDEFVALPF (MODULEID,MODULEDESC,KEYCOL,VALCOL) values ('BQ9TK','Billing History DM','SRCDATA','A');
Insert into Jd1dta.DMDEFVALPF (MODULEID,MODULEDESC,KEYCOL,VALCOL) values ('BQ9TK','Billing History DM','RECTYPE','N');
---------------------------------------------Billing History:END------------------------------------

---------------------------------------------Billing collection result:START------------------------------------

Insert into Jd1dta.DMDEFVALPF (MODULEID,MODULEDESC,KEYCOL,VALCOL) values ('BQ9TL','Collection Result DM','CHDRPFX','CH');

---------------------------------------------Billing collection result:START------------------------------------

---------------------------------------------Refund Bills:START------------------------------------

Insert into Jd1dta.DMDEFVALPF (MODULEID,MODULEDESC,KEYCOL,VALCOL) values ('BQ9UX','Refund Bills','BATCPFX','BA');
Insert into Jd1dta.DMDEFVALPF (MODULEID,MODULEDESC,KEYCOL,VALCOL) values ('BQ9UX','Refund Bills','BILFLAG','N');
Insert into Jd1dta.DMDEFVALPF (MODULEID,MODULEDESC,KEYCOL,VALCOL) values ('BQ9UX','Refund Bills','BILLTYP','A');
Insert into Jd1dta.DMDEFVALPF (MODULEID,MODULEDESC,KEYCOL,VALCOL) values ('BQ9UX','Refund Bills','HEADCNTIND','M');
Insert into Jd1dta.DMDEFVALPF (MODULEID,MODULEDESC,KEYCOL,VALCOL) values ('BQ9UX','Refund Bills','MMIND','L');
Insert into Jd1dta.DMDEFVALPF (MODULEID,MODULEDESC,KEYCOL,VALCOL) values ('BQ9UX','Refund Bills','NRFLG','N');
Insert into Jd1dta.DMDEFVALPF (MODULEID,MODULEDESC,KEYCOL,VALCOL) values ('BQ9UX','Refund Bills','PLANNO','001');
Insert into Jd1dta.DMDEFVALPF (MODULEID,MODULEDESC,KEYCOL,VALCOL) values ('BQ9UX','Refund Bills','PNIND','I');
Insert into Jd1dta.DMDEFVALPF (MODULEID,MODULEDESC,KEYCOL,VALCOL) values ('BQ9UX','Refund Bills','RECNO','1');
Insert into Jd1dta.DMDEFVALPF (MODULEID,MODULEDESC,KEYCOL,VALCOL) values ('BQ9UX','Refund Bills','RECTYPE','R');
Insert into Jd1dta.DMDEFVALPF (MODULEID,MODULEDESC,KEYCOL,VALCOL) values ('BQ9UX','Refund Bills','REVFLAG','N');
Insert into Jd1dta.DMDEFVALPF (MODULEID,MODULEDESC,KEYCOL,VALCOL) values ('BQ9UX','Refund Bills','SRCDATA','A');
Insert into Jd1dta.DMDEFVALPF (MODULEID,MODULEDESC,KEYCOL,VALCOL) values ('BQ9UX','Refund Bills','VALIDFLAG','1');
Insert into Jd1dta.DMDEFVALPF (MODULEID,MODULEDESC,KEYCOL,VALCOL) values ('BQ9UX','Refund Bills','ZCTAXRAT','8');
Insert into Jd1dta.DMDEFVALPF (MODULEID,MODULEDESC,KEYCOL,VALCOL) values ('BQ9UX','Refund Bills','ZREFMTCD','003');
Insert into Jd1dta.DMDEFVALPF (MODULEID,MODULEDESC,KEYCOL,VALCOL) values ('BQ9UX','Refund Bills','RIBFEE','0'); 
Insert into Jd1dta.DMDEFVALPF (MODULEID,MODULEDESC,KEYCOL,VALCOL) values ('BQ9UX','Refund Bills','RIBFGST','0'); 
Insert into Jd1dta.DMDEFVALPF (MODULEID,MODULEDESC,KEYCOL,VALCOL) values ('BQ9UX','Refund Bills','ZERO','0'); 
Insert into Jd1dta.DMDEFVALPF (MODULEID,MODULEDESC,KEYCOL,VALCOL) values ('BQ9UX','Refund Bills','ZCOLFLAG','Y'); 
Insert into Jd1dta.DMDEFVALPF (MODULEID,MODULEDESC,KEYCOL,VALCOL) values ('BQ9UX','Refund Bills','PREMOUT','N'); 
Insert into Jd1dta.DMDEFVALPF (MODULEID,MODULEDESC,KEYCOL,VALCOL) values ('BQ9UX','Refund Bills','ZREFLIST','Y'); 
---------------------------------------------Refund Bills:START------------------------------------

---------------------------------------------Master Policy:START------------------------------------

Insert into Jd1dta.DMDEFVALPF (MODULEID,MODULEDESC,KEYCOL,VALCOL) values ('BQ9EC','Master Policy Migration','AGNTCOY','9');
Insert into Jd1dta.DMDEFVALPF (MODULEID,MODULEDESC,KEYCOL,VALCOL) values ('BQ9EC','Master Policy Migration','AGNTPFX','AG');
Insert into Jd1dta.DMDEFVALPF (MODULEID,MODULEDESC,KEYCOL,VALCOL) values ('BQ9EC','Master Policy Migration','BILLCURR','YEN');
Insert into Jd1dta.DMDEFVALPF (MODULEID,MODULEDESC,KEYCOL,VALCOL) values ('BQ9EC','Master Policy Migration','BULKIND','N');
Insert into Jd1dta.DMDEFVALPF (MODULEID,MODULEDESC,KEYCOL,VALCOL) values ('BQ9EC','Master Policy Migration','CHDRCOY','1');
Insert into Jd1dta.DMDEFVALPF (MODULEID,MODULEDESC,KEYCOL,VALCOL) values ('BQ9EC','Master Policy Migration','CHDRPFX','CH');
Insert into Jd1dta.DMDEFVALPF (MODULEID,MODULEDESC,KEYCOL,VALCOL) values ('BQ9EC','Master Policy Migration','CLRRROLE','OW');
Insert into Jd1dta.DMDEFVALPF (MODULEID,MODULEDESC,KEYCOL,VALCOL) values ('BQ9EC','Master Policy Migration','CNTCURR','YEN');
Insert into Jd1dta.DMDEFVALPF (MODULEID,MODULEDESC,KEYCOL,VALCOL) values ('BQ9EC','Master Policy Migration','COWNCOY','9');
Insert into Jd1dta.DMDEFVALPF (MODULEID,MODULEDESC,KEYCOL,VALCOL) values ('BQ9EC','Master Policy Migration','COWNPFX','CN');
Insert into Jd1dta.DMDEFVALPF (MODULEID,MODULEDESC,KEYCOL,VALCOL) values ('BQ9EC','Master Policy Migration','ENROLLTYP','N');
Insert into Jd1dta.DMDEFVALPF (MODULEID,MODULEDESC,KEYCOL,VALCOL) values ('BQ9EC','Master Policy Migration','FCLLVL','N.A');
Insert into Jd1dta.DMDEFVALPF (MODULEID,MODULEDESC,KEYCOL,VALCOL) values ('BQ9EC','Master Policy Migration','FLAGPRINT','Y');
Insert into Jd1dta.DMDEFVALPF (MODULEID,MODULEDESC,KEYCOL,VALCOL) values ('BQ9EC','Master Policy Migration','FORECOY','1');
Insert into Jd1dta.DMDEFVALPF (MODULEID,MODULEDESC,KEYCOL,VALCOL) values ('BQ9EC','Master Policy Migration','FOREPFX','CH');
Insert into Jd1dta.DMDEFVALPF (MODULEID,MODULEDESC,KEYCOL,VALCOL) values ('BQ9EC','Master Policy Migration','MPLCOY','1');
Insert into Jd1dta.DMDEFVALPF (MODULEID,MODULEDESC,KEYCOL,VALCOL) values ('BQ9EC','Master Policy Migration','PNTRCDE','T902');
Insert into Jd1dta.DMDEFVALPF (MODULEID,MODULEDESC,KEYCOL,VALCOL) values ('BQ9EC','Master Policy Migration','POLSCHPFLG','N');
Insert into Jd1dta.DMDEFVALPF (MODULEID,MODULEDESC,KEYCOL,VALCOL) values ('BQ9EC','Master Policy Migration','PRODMIX','INS ');
Insert into Jd1dta.DMDEFVALPF (MODULEID,MODULEDESC,KEYCOL,VALCOL) values ('BQ9EC','Master Policy Migration','PRVBILFLG','N');
Insert into Jd1dta.DMDEFVALPF (MODULEID,MODULEDESC,KEYCOL,VALCOL) values ('BQ9EC','Master Policy Migration','RIIND','N');
Insert into Jd1dta.DMDEFVALPF (MODULEID,MODULEDESC,KEYCOL,VALCOL) values ('BQ9EC','Master Policy Migration','RNLNOTTO','00');
Insert into Jd1dta.DMDEFVALPF (MODULEID,MODULEDESC,KEYCOL,VALCOL) values ('BQ9EC','Master Policy Migration','SERVUNIT','GP');
Insert into Jd1dta.DMDEFVALPF (MODULEID,MODULEDESC,KEYCOL,VALCOL) values ('BQ9EC','Master Policy Migration','SPLITSUBS','N');
Insert into Jd1dta.DMDEFVALPF (MODULEID,MODULEDESC,KEYCOL,VALCOL) values ('BQ9EC','Master Policy Migration','STCA','LF');
Insert into Jd1dta.DMDEFVALPF (MODULEID,MODULEDESC,KEYCOL,VALCOL) values ('BQ9EC','Master Policy Migration','VALIDFLAG','1');
Insert into Jd1dta.DMDEFVALPF (MODULEID,MODULEDESC,KEYCOL,VALCOL) values ('BQ9EC','Master Policy Migration','ZDFBLIND','N');
Insert into Jd1dta.DMDEFVALPF (MODULEID,MODULEDESC,KEYCOL,VALCOL) values ('BQ9EC','Master Policy Migration','ZPAYINREQ','N');
Insert into Jd1dta.DMDEFVALPF (MODULEID,MODULEDESC,KEYCOL,VALCOL) values ('BQ9EC','Master Policy Migration','ZPRDCTG','PA');
Insert into Jd1dta.DMDEFVALPF (MODULEID,MODULEDESC,KEYCOL,VALCOL) values ('BQ9EC','Master Policy Migration','ZQUOTIND','M');
Insert into Jd1dta.DMDEFVALPF (MODULEID,MODULEDESC,KEYCOL,VALCOL) values ('BQ9EC','Master Policy Migration','ZTRXSTAT','AP');
Insert into Jd1dta.DMDEFVALPF (MODULEID,MODULEDESC,KEYCOL,VALCOL) values ('BQ9EC','Master Policy Migration','TAXFLAG','Y');
Insert into Jd1dta.DMDEFVALPF (MODULEID,MODULEDESC,KEYCOL,VALCOL) values ('BQ9EC','Master Policy Migration','CNTBRANCH','31');
Insert into Jd1dta.DMDEFVALPF (MODULEID,MODULEDESC,KEYCOL,VALCOL) values ('BQ9EC','Master Policy Migration','ZALTRCDE01','GC1');
Insert into Jd1dta.DMDEFVALPF (MODULEID,MODULEDESC,KEYCOL,VALCOL) values ('BQ9EC','Master Policy Migration','ZVLDTRXIND','Y');
---------------------------------------------Master Policy:End------------------------------------

--------------------------------------------- Policy Dishonor :Start------------------------------------
Insert into Jd1dta.DMDEFVALPF (MODULEID,MODULEDESC,KEYCOL,VALCOL) values ('BQ9UT','Policy Dishonour','CHDRPFX','CH');
Insert into Jd1dta.DMDEFVALPF (MODULEID,MODULEDESC,KEYCOL,VALCOL) values ('BQ9UT','Policy Dishonour','VALIDFLAG','1');
--------------------------------------------- Policy Dishonor :End------------------------------------

--------------------------------------------Policy Covered History:Start------------------------------------
Insert into Jd1dta.DMDEFVALPF (MODULEID,MODULEDESC,KEYCOL,VALCOL) values ('BQ9SA','Policy Covered Migration','TRANNO',1);
Insert into Jd1dta.DMDEFVALPF (MODULEID,MODULEDESC,KEYCOL,VALCOL) values ('BQ9SA','Policy Covered Migration','PLANNO','001'); --ZJNPG-8365: Default value should be 001
Insert into Jd1dta.DMDEFVALPF (MODULEID,MODULEDESC,KEYCOL,VALCOL) values ('BQ9SA','Policy Covered Migration','ZTRXSTSIND',1);  
--------------------------------------------Policy Covered History:END--------------------------------------


--------------------------------------------Policy Transaction History:Start--------------------------------
Insert into Jd1dta.DMDEFVALPF (MODULEID,MODULEDESC,KEYCOL,VALCOL) values ('BQ9UU','Policy Transac History','DPNTNO','00');
Insert into Jd1dta.DMDEFVALPF (MODULEID,MODULEDESC,KEYCOL,VALCOL) values ('BQ9UU','Policy Transac History','MTHTO','0');  -- Defect P2-5681
Insert into Jd1dta.DMDEFVALPF (MODULEID,MODULEDESC,KEYCOL,VALCOL) values ('BQ9UU','Policy Transac History','YEARTO','0'); -- Defect P2-5681
--------------------------------------------Policy Transaction History:END----------------------------------


--------------------------------------------Renewal Determination:Start--------------------------------

INSERT INTO "Jd1dta"."DMDEFVALPF" (MODULEID, MODULEDESC, KEYCOL, VALCOL) VALUES ('BQ9UY', 'Renewal Determination Header and Insured', 'CHDRCOY', '1');
INSERT INTO "Jd1dta"."DMDEFVALPF" (MODULEID, MODULEDESC, KEYCOL, VALCOL) VALUES ('BQ9UY', 'Renewal Determination Header and Insured', 'ZRNDTSTS', 'AW');
INSERT INTO "Jd1dta"."DMDEFVALPF" (MODULEID, MODULEDESC, KEYCOL, VALCOL) VALUES ('BQ9UY', 'Renewal Determination Header and Insured', 'TRANCDE', 'BAXB');
INSERT INTO "Jd1dta"."DMDEFVALPF" (MODULEID, MODULEDESC, KEYCOL, VALCOL) VALUES ('BQ9UY', 'Renewal Determination Header and Insured', 'JOBNO', NULL);
INSERT INTO "Jd1dta"."DMDEFVALPF" (MODULEID, MODULEDESC, KEYCOL, VALCOL) VALUES ('BQ9UY', 'Renewal Determination Header and Insured', 'ZVLDRNDT', '1');
INSERT INTO "Jd1dta"."DMDEFVALPF" (MODULEID, MODULEDESC, KEYCOL, VALCOL) VALUES ('BQ9UY', 'Renewal Determination Header and Insured', 'THREADNO', NULL);
INSERT INTO "Jd1dta"."DMDEFVALPF" (MODULEID, MODULEDESC, KEYCOL, VALCOL) VALUES ('BQ9UY', 'Renewal Determination Header and Insured', 'ODMRESP', NULL);
INSERT INTO "Jd1dta"."DMDEFVALPF" (MODULEID, MODULEDESC, KEYCOL, VALCOL) VALUES ('BQ9UY', 'Renewal Determination Header and Insured', 'ISPROCESSED', NULL);
INSERT INTO "Jd1dta"."DMDEFVALPF" (MODULEID, MODULEDESC, KEYCOL, VALCOL) VALUES ('BQ9UY', 'Renewal Determination Header and Insured', 'ZASRFFLG', NULL);
INSERT INTO "Jd1dta"."DMDEFVALPF" (MODULEID, MODULEDESC, KEYCOL, VALCOL) VALUES ('BQ9UY', 'Renewal Determination Header and Insured', 'DPNTNO', '0');
--------------------------------------------Renewal Determination:END--------------------------------



--****************************************************************DEFAULT VALUES: END-***************************************************************---

--********************************************************Migration Prefix:START***********************************************************************
Insert into Jd1dta.DMPRFXPF (MODULEID,MODPREFIX,MODULEDESC) values ('AGCY','AG','Agency                        ');
Insert into Jd1dta.DMPRFXPF (MODULEID,MODPREFIX,MODULEDESC) values ('BILL','BL','Billing History               ');
Insert into Jd1dta.DMPRFXPF (MODULEID,MODPREFIX,MODULEDESC) values ('CMCD','CM','Campaign Code Migration       ');
Insert into Jd1dta.DMPRFXPF (MODULEID,MODPREFIX,MODULEDESC) values ('CLCB','CB','Client Bank                   ');
Insert into Jd1dta.DMPRFXPF (MODULEID,MODPREFIX,MODULEDESC) values ('CLHS','CH','Client History Migration      ');
Insert into Jd1dta.DMPRFXPF (MODULEID,MODPREFIX,MODULEDESC) values ('CLRS','CR','Collection Results            ');
Insert into Jd1dta.DMPRFXPF (MODULEID,MODPREFIX,MODULEDESC) values ('CLCO','CC','Corporate Client Migration    ');
Insert into Jd1dta.DMPRFXPF (MODULEID,MODPREFIX,MODULEDESC) values ('INDV','IN','Individual policy             ');
Insert into Jd1dta.DMPRFXPF (MODULEID,MODPREFIX,MODULEDESC) values ('LETR','LT','Letter History                ');
Insert into Jd1dta.DMPRFXPF (MODULEID,MODPREFIX,MODULEDESC) values ('MEBR','MB','Member policy                 ');
Insert into Jd1dta.DMPRFXPF (MODULEID,MODPREFIX,MODULEDESC) values ('CLPL','CP','Personal Client               ');
Insert into Jd1dta.DMPRFXPF (MODULEID,MODPREFIX,MODULEDESC) values ('PDHS','PD','Policy Dishonour Count        ');
Insert into Jd1dta.DMPRFXPF (MODULEID,MODPREFIX,MODULEDESC) values ('PDSH','PD','Policy Dishonour Count        ');
Insert into Jd1dta.DMPRFXPF (MODULEID,MODPREFIX,MODULEDESC) values ('PHST','PH','Policy Transaction History    ');
Insert into Jd1dta.DMPRFXPF (MODULEID,MODPREFIX,MODULEDESC) values ('RFBL','RF','Refund Bills                  ');
Insert into Jd1dta.DMPRFXPF (MODULEID,MODPREFIX,MODULEDESC) values ('SLPL','SP','Sales Plan                    ');
Insert into Jd1dta.DMPRFXPF (MODULEID,MODPREFIX,MODULEDESC) values ('NYCL','NY','Nayose Personal client    ');
Insert into Jd1dta.DMPRFXPF (MODULEID,MODPREFIX,MODULEDESC) values ('MSTR','MP','MasterPolicy                   ');
Insert into Jd1dta.DMPRFXPF (MODULEID,MODPREFIX,MODULEDESC) values ('PCHS','PC','Policy Coverage  History      ');
Insert into Jd1dta.DMPRFXPF (MODULEID,MODPREFIX,MODULEDESC) values ('RNHS','RN','Policy History APIRNO         ');
INSERT INTO Jd1dta.DMPRFXPF (MODULEID,MODPREFIX,MODULEDESC) VALUES ('RWRD', 'RD', 'Renewal Determination Header and Insured');
INSERT INTO Jd1dta.DMPRFXPF (MODULEID,MODPREFIX,MODULEDESC) VALUES ('RWRC', 'RC', 'Renewal Determination Coverage and Subcoverages');

--*******************************************************Migration Prefix:END**********************************************************************--

--********************************************************Agrgument Configuration :START***********************************************************************


Insert into Jd1dta.dmbargspf (SCHEDULE_NAME,COMPANY,FSUCOCOMPANY,USRPRF,BRANCH,TRANSCODE,VRCMTIME,VRCMUSER,TRDT1,ACCTYEAR,ACCTMONTH,VRCMTERMID,USER_T,ARRAY_SIZE,CHUNK_SIZE,DEGREE_PARALLEL) values ('G1ZDCOPCLT','1',null,'JBIRLA','31','BAI8',null,null,null,null,null,null,null,1000,1000,30);
Insert into Jd1dta.dmbargspf (SCHEDULE_NAME,COMPANY,FSUCOCOMPANY,USRPRF,BRANCH,TRANSCODE,VRCMTIME,VRCMUSER,TRDT1,ACCTYEAR,ACCTMONTH,VRCMTERMID,USER_T,ARRAY_SIZE,CHUNK_SIZE,DEGREE_PARALLEL) values ('G1ZDAGENCY','1',null,'JBIRLA','31','BAIB',null,null,null,null,null,null,null,1000,1000,30);
Insert into Jd1dta.dmbargspf (SCHEDULE_NAME,COMPANY,FSUCOCOMPANY,USRPRF,BRANCH,TRANSCODE,VRCMTIME,VRCMUSER,TRDT1,ACCTYEAR,ACCTMONTH,VRCMTERMID,USER_T,ARRAY_SIZE,CHUNK_SIZE,DEGREE_PARALLEL) values ('G1ZDCAMPCD','1',null,'JBIRLA','31','BAID',null,null,null,null,null,null,null,1000,17,30);
Insert into Jd1dta.dmbargspf (SCHEDULE_NAME,COMPANY,FSUCOCOMPANY,USRPRF,BRANCH,TRANSCODE,VRCMTIME,VRCMUSER,TRDT1,ACCTYEAR,ACCTMONTH,VRCMTERMID,USER_T,ARRAY_SIZE,CHUNK_SIZE,DEGREE_PARALLEL) values ('G1ZDPERCLT','1',null,'JBIRLA','31','BAI9',null,null,null,null,null,null,null,1000,6009,30);
Insert into Jd1dta.dmbargspf (SCHEDULE_NAME,COMPANY,FSUCOCOMPANY,USRPRF,BRANCH,TRANSCODE,VRCMTIME,VRCMUSER,TRDT1,ACCTYEAR,ACCTMONTH,VRCMTERMID,USER_T,ARRAY_SIZE,CHUNK_SIZE,DEGREE_PARALLEL) values ('G1ZDPCLHIS','1',null,'JBIRLA','31','BAI9',null,null,null,null,null,null,null,1000,6074,30);
Insert into Jd1dta.dmbargspf (SCHEDULE_NAME,COMPANY,FSUCOCOMPANY,USRPRF,BRANCH,TRANSCODE,VRCMTIME,VRCMUSER,TRDT1,ACCTYEAR,ACCTMONTH,VRCMTERMID,USER_T,ARRAY_SIZE,CHUNK_SIZE,DEGREE_PARALLEL) values ('G1ZDNAYCLT','1',null,'JBIRLA','31','BAI9',null,null,null,null,null,null,null,1000,6074,30);
Insert into Jd1dta.dmbargspf (SCHEDULE_NAME,COMPANY,FSUCOCOMPANY,USRPRF,BRANCH,TRANSCODE,VRCMTIME,VRCMUSER,TRDT1,ACCTYEAR,ACCTMONTH,VRCMTERMID,USER_T,ARRAY_SIZE,CHUNK_SIZE,DEGREE_PARALLEL) values ('G1ZDCLTBNK','1',null,'JBIRLA','31','BAIA',null,null,null,null,null,null,null,1000,2693,30);
Insert into Jd1dta.dmbargspf (SCHEDULE_NAME,COMPANY,FSUCOCOMPANY,USRPRF,BRANCH,TRANSCODE,VRCMTIME,VRCMUSER,TRDT1,ACCTYEAR,ACCTMONTH,VRCMTERMID,USER_T,ARRAY_SIZE,CHUNK_SIZE,DEGREE_PARALLEL) values ('G1ZDMBRIND','1','9','JBIRLA','31','BAIE',null,null,null,null,null,'QPAD',0,1000,11760,30);
Insert into Jd1dta.dmbargspf (SCHEDULE_NAME,COMPANY,FSUCOCOMPANY,USRPRF,BRANCH,TRANSCODE,VRCMTIME,VRCMUSER,TRDT1,ACCTYEAR,ACCTMONTH,VRCMTERMID,USER_T,ARRAY_SIZE,CHUNK_SIZE,DEGREE_PARALLEL) values ('G1ZDCOLRES','1',null,'JBIRLA','31','BAIZ',null,null,null,null,null,null,0,1000,1163,30);
Insert into Jd1dta.dmbargspf (SCHEDULE_NAME,COMPANY,FSUCOCOMPANY,USRPRF,BRANCH,TRANSCODE,VRCMTIME,VRCMUSER,TRDT1,ACCTYEAR,ACCTMONTH,VRCMTERMID,USER_T,ARRAY_SIZE,CHUNK_SIZE,DEGREE_PARALLEL) values ('G1ZDLETR','1','9','JBIRLA','31','BZ11',null,null,null,null,null,null,0,1000,2773,30);
Insert into Jd1dta.dmbargspf (SCHEDULE_NAME,COMPANY,FSUCOCOMPANY,USRPRF,BRANCH,TRANSCODE,VRCMTIME,VRCMUSER,TRDT1,ACCTYEAR,ACCTMONTH,VRCMTERMID,USER_T,ARRAY_SIZE,CHUNK_SIZE,DEGREE_PARALLEL) values ('G1ZDPOLDSH','1',null,'JBIRLA','31','BAIE',null,null,null,null,null,null,0,1000,4,30);
Insert into Jd1dta.dmbargspf (SCHEDULE_NAME,COMPANY,FSUCOCOMPANY,USRPRF,BRANCH,TRANSCODE,VRCMTIME,VRCMUSER,TRDT1,ACCTYEAR,ACCTMONTH,VRCMTERMID,USER_T,ARRAY_SIZE,CHUNK_SIZE,DEGREE_PARALLEL) values ('G1ZDBILLIN','1',null,'JBIRLA','31','BAIZ',null,null,null,2020,9,'QPAD',36,1000,3159,30);
Insert into Jd1dta.dmbargspf (SCHEDULE_NAME,COMPANY,FSUCOCOMPANY,USRPRF,BRANCH,TRANSCODE,VRCMTIME,VRCMUSER,TRDT1,ACCTYEAR,ACCTMONTH,VRCMTERMID,USER_T,ARRAY_SIZE,CHUNK_SIZE,DEGREE_PARALLEL) values ('G1ZDBILLRF','1',null,'JBIRLA','31','T922',null,36,null,2020,9,'QPAD',null,1000,1000,1);
Insert into Jd1dta.dmbargspf (SCHEDULE_NAME,COMPANY,FSUCOCOMPANY,USRPRF,BRANCH,TRANSCODE,VRCMTIME,VRCMUSER,TRDT1,ACCTYEAR,ACCTMONTH,VRCMTERMID,USER_T,ARRAY_SIZE,CHUNK_SIZE,DEGREE_PARALLEL) values ('G1ZDPOLHST','1',null,'JBIRLA','31','BAIZ',null,null,null,null,null,null,0,2000,8291,30);
Insert into Jd1dta.dmbargspf (SCHEDULE_NAME,COMPANY,FSUCOCOMPANY,USRPRF,BRANCH,TRANSCODE,VRCMTIME,VRCMUSER,TRDT1,ACCTYEAR,ACCTMONTH,VRCMTERMID,USER_T,ARRAY_SIZE,CHUNK_SIZE,DEGREE_PARALLEL) values ('G1ZDPOLCOV','1',null,'JBIRLA','31','BAIZ',null,null,null,null,null,null,0,5000,30377,30);
Insert into Jd1dta.dmbargspf (SCHEDULE_NAME,COMPANY,FSUCOCOMPANY,USRPRF,BRANCH,TRANSCODE,VRCMTIME,VRCMUSER,TRDT1,ACCTYEAR,ACCTMONTH,VRCMTERMID,USER_T,ARRAY_SIZE,CHUNK_SIZE,DEGREE_PARALLEL) values ('G1ZDAPIRNO','1',null,'JBIRLA','31','BAIZ',null,null,null,null,null,null,0,1000,12922,30);
Insert into Jd1dta.dmbargspf (SCHEDULE_NAME,COMPANY,FSUCOCOMPANY,USRPRF,BRANCH,TRANSCODE,VRCMTIME,VRCMUSER,TRDT1,ACCTYEAR,ACCTMONTH,VRCMTERMID,USER_T,ARRAY_SIZE,CHUNK_SIZE,DEGREE_PARALLEL) values ('G1ZDMSTPOL','1',null,'JBIRLA','31','BAIX',null,null,null,null,null,'QPAD',null,1000,1000,30);
Insert into Jd1dta.dmbargspf (SCHEDULE_NAME,COMPANY,FSUCOCOMPANY,USRPRF,BRANCH,TRANSCODE,VRCMTIME,VRCMUSER,TRDT1,ACCTYEAR,ACCTMONTH,VRCMTERMID,USER_T,ARRAY_SIZE,CHUNK_SIZE,DEGREE_PARALLEL) values ('G1ZDRNWDTM','1',null,'JBIRLA','31','BAJA',null,null,null,null,null,null,null,1000,1000,30);

--********************************************************Agrgument Configuration :END***********************************************************************


--********************************************************ODM VERSION INSERT :START***********************************************************************
INSERT INTO Jd1dta.DMIGODMVERSIONHIS (VERNO, ZINSTYPE, CATEGORY, FRMDTE, TODTE, DESCRIPTION) VALUES ('1', 'PO', 'Pricing', 19900101, 20201130, 'Original');
INSERT INTO Jd1dta.DMIGODMVERSIONHIS (VERNO, ZINSTYPE, CATEGORY, FRMDTE, TODTE, DESCRIPTION) VALUES ('1', 'PFA', 'Pricing', 19900101, 20201130, 'Original');
INSERT INTO Jd1dta.DMIGODMVERSIONHIS (VERNO, ZINSTYPE, CATEGORY, FRMDTE, TODTE, DESCRIPTION) VALUES ('1', 'PTA', 'Pricing', 19900101, 20201130, 'Original');
INSERT INTO Jd1dta.DMIGODMVERSIONHIS (VERNO, ZINSTYPE, CATEGORY, FRMDTE, TODTE, DESCRIPTION) VALUES ('1', 'PFT', 'Pricing', 19900101, 20201130, 'Original');
INSERT INTO Jd1dta.DMIGODMVERSIONHIS (VERNO, ZINSTYPE, CATEGORY, FRMDTE, TODTE, DESCRIPTION) VALUES ('1', 'SPA', 'Pricing', 19900101, 20201130, 'Original');
INSERT INTO Jd1dta.DMIGODMVERSIONHIS (VERNO, ZINSTYPE, CATEGORY, FRMDTE, TODTE, DESCRIPTION) VALUES ('1', 'CLP', 'Pricing', 19900101, 20201130, 'Original');
INSERT INTO Jd1dta.DMIGODMVERSIONHIS (VERNO, ZINSTYPE, CATEGORY, FRMDTE, TODTE, DESCRIPTION) VALUES ('1', 'EQ', 'Pricing', 20190101, 99999999, 'Original');
INSERT INTO Jd1dta.DMIGODMVERSIONHIS (VERNO, ZINSTYPE, CATEGORY, FRMDTE, TODTE, DESCRIPTION) VALUES ('2', 'PO', 'Pricing', 20201201, 99999999, 'Rate Revision 2020');
INSERT INTO Jd1dta.DMIGODMVERSIONHIS (VERNO, ZINSTYPE, CATEGORY, FRMDTE, TODTE, DESCRIPTION) VALUES ('2', 'PFA', 'Pricing', 20201201, 99999999, 'Rate Revision 2020');
INSERT INTO Jd1dta.DMIGODMVERSIONHIS (VERNO, ZINSTYPE, CATEGORY, FRMDTE, TODTE, DESCRIPTION) VALUES ('2', 'PTA', 'Pricing', 20201201, 99999999, 'Rate Revision 2020');
INSERT INTO Jd1dta.DMIGODMVERSIONHIS (VERNO, ZINSTYPE, CATEGORY, FRMDTE, TODTE, DESCRIPTION) VALUES ('2', 'PFT', 'Pricing', 20201201, 99999999, 'Rate Revision 2020');
INSERT INTO Jd1dta.DMIGODMVERSIONHIS (VERNO, ZINSTYPE, CATEGORY, FRMDTE, TODTE, DESCRIPTION) VALUES ('2', 'SPA', 'Pricing', 20201201, 99999999, 'Rate Revision 2020');
INSERT INTO Jd1dta.DMIGODMVERSIONHIS (VERNO, ZINSTYPE, CATEGORY, FRMDTE, TODTE, DESCRIPTION) VALUES ('2', 'CLP', 'Pricing', 20201201, 99999999, 'Rate Revision 2020');
COMMIT;
--********************************************************ODM VERSION INSERT :END***********************************************************************

--********************************************************Index Master :START***********************************************************************
Insert into Jd1dta.DM_TARGET_TABLES (MODULE_NAME,JOBNAME,TARGET_TABLE,INDEX_NAME,VALID_FLG) values ('Billing_Colres','G1ZDCOLRES','ZCRHPF','ZCRHPF_PT_CHDRNUM','1');
Insert into Jd1dta.DM_TARGET_TABLES (MODULE_NAME,JOBNAME,TARGET_TABLE,INDEX_NAME,VALID_FLG) values ('Billing_History','G1ZDBILLIN','GBIDPF','GBID','1');
Insert into Jd1dta.DM_TARGET_TABLES (MODULE_NAME,JOBNAME,TARGET_TABLE,INDEX_NAME,VALID_FLG) values ('Billing_History','G1ZDBILLIN','GBIDPF','GBIDPLN','1');
Insert into Jd1dta.DM_TARGET_TABLES (MODULE_NAME,JOBNAME,TARGET_TABLE,INDEX_NAME,VALID_FLG) values ('Billing_History','G1ZDBILLIN','GBIDPF','PT_GBID_BILNO_IDX','1');
Insert into Jd1dta.DM_TARGET_TABLES (MODULE_NAME,JOBNAME,TARGET_TABLE,INDEX_NAME,VALID_FLG) values ('Billing_History','G1ZDBILLIN','GBIHPF','GBIHRTN','1');
Insert into Jd1dta.DM_TARGET_TABLES (MODULE_NAME,JOBNAME,TARGET_TABLE,INDEX_NAME,VALID_FLG) values ('Billing_History','G1ZDBILLIN','GBIHPF','GBIHSUB','1');
Insert into Jd1dta.DM_TARGET_TABLES (MODULE_NAME,JOBNAME,TARGET_TABLE,INDEX_NAME,VALID_FLG) values ('Billing_History','G1ZDBILLIN','GBIHPF','PT_GBIH_BILNO_IDX','1');
Insert into Jd1dta.DM_TARGET_TABLES (MODULE_NAME,JOBNAME,TARGET_TABLE,INDEX_NAME,VALID_FLG) values ('Billing_History','G1ZDBILLIN','GPMDPF','06_IDX_PA_ITR2_CLRS_GPMD','1');
Insert into Jd1dta.DM_TARGET_TABLES (MODULE_NAME,JOBNAME,TARGET_TABLE,INDEX_NAME,VALID_FLG) values ('Billing_History','G1ZDBILLIN','GPMDPF','07_IDX_PA_ITR2_CLRS_GPMD_RECNO','1');
Insert into Jd1dta.DM_TARGET_TABLES (MODULE_NAME,JOBNAME,TARGET_TABLE,INDEX_NAME,VALID_FLG) values ('Billing_History','G1ZDBILLIN','GPMDPF','GPMD','1');
Insert into Jd1dta.DM_TARGET_TABLES (MODULE_NAME,JOBNAME,TARGET_TABLE,INDEX_NAME,VALID_FLG) values ('Billing_History','G1ZDBILLIN','GPMDPF','GPMDBAT','1');
Insert into Jd1dta.DM_TARGET_TABLES (MODULE_NAME,JOBNAME,TARGET_TABLE,INDEX_NAME,VALID_FLG) values ('Billing_History','G1ZDBILLIN','GPMDPF','GPMDBBI','1');
Insert into Jd1dta.DM_TARGET_TABLES (MODULE_NAME,JOBNAME,TARGET_TABLE,INDEX_NAME,VALID_FLG) values ('Billing_History','G1ZDBILLIN','GPMDPF','GPMDBIL','1');
Insert into Jd1dta.DM_TARGET_TABLES (MODULE_NAME,JOBNAME,TARGET_TABLE,INDEX_NAME,VALID_FLG) values ('Billing_History','G1ZDBILLIN','GPMDPF','GPMDBLL','1');
Insert into Jd1dta.DM_TARGET_TABLES (MODULE_NAME,JOBNAME,TARGET_TABLE,INDEX_NAME,VALID_FLG) values ('Billing_History','G1ZDBILLIN','GPMDPF','GPMDCBM','1');
Insert into Jd1dta.DM_TARGET_TABLES (MODULE_NAME,JOBNAME,TARGET_TABLE,INDEX_NAME,VALID_FLG) values ('Billing_History','G1ZDBILLIN','GPMDPF','GPMDCMT','1');
Insert into Jd1dta.DM_TARGET_TABLES (MODULE_NAME,JOBNAME,TARGET_TABLE,INDEX_NAME,VALID_FLG) values ('Billing_History','G1ZDBILLIN','GPMDPF','GPMDCOM','1');
Insert into Jd1dta.DM_TARGET_TABLES (MODULE_NAME,JOBNAME,TARGET_TABLE,INDEX_NAME,VALID_FLG) values ('Billing_History','G1ZDBILLIN','GPMDPF','GPMDCSH','1');
Insert into Jd1dta.DM_TARGET_TABLES (MODULE_NAME,JOBNAME,TARGET_TABLE,INDEX_NAME,VALID_FLG) values ('Billing_History','G1ZDBILLIN','GPMDPF','GPMDEFF','1');
Insert into Jd1dta.DM_TARGET_TABLES (MODULE_NAME,JOBNAME,TARGET_TABLE,INDEX_NAME,VALID_FLG) values ('Billing_History','G1ZDBILLIN','GPMDPF','GPMDFRM','1');
Insert into Jd1dta.DM_TARGET_TABLES (MODULE_NAME,JOBNAME,TARGET_TABLE,INDEX_NAME,VALID_FLG) values ('Billing_History','G1ZDBILLIN','GPMDPF','GPMDINV','1');
Insert into Jd1dta.DM_TARGET_TABLES (MODULE_NAME,JOBNAME,TARGET_TABLE,INDEX_NAME,VALID_FLG) values ('Billing_History','G1ZDBILLIN','GPMDPF','GPMDMBR','1');
Insert into Jd1dta.DM_TARGET_TABLES (MODULE_NAME,JOBNAME,TARGET_TABLE,INDEX_NAME,VALID_FLG) values ('Billing_History','G1ZDBILLIN','GPMDPF','GPMDMFE','1');
Insert into Jd1dta.DM_TARGET_TABLES (MODULE_NAME,JOBNAME,TARGET_TABLE,INDEX_NAME,VALID_FLG) values ('Billing_History','G1ZDBILLIN','GPMDPF','GPMDMPP','1');
Insert into Jd1dta.DM_TARGET_TABLES (MODULE_NAME,JOBNAME,TARGET_TABLE,INDEX_NAME,VALID_FLG) values ('Billing_History','G1ZDBILLIN','GPMDPF','GPMDPRP','1');
Insert into Jd1dta.DM_TARGET_TABLES (MODULE_NAME,JOBNAME,TARGET_TABLE,INDEX_NAME,VALID_FLG) values ('Billing_History','G1ZDBILLIN','GPMDPF','GPMDRCN','1');
Insert into Jd1dta.DM_TARGET_TABLES (MODULE_NAME,JOBNAME,TARGET_TABLE,INDEX_NAME,VALID_FLG) values ('Billing_History','G1ZDBILLIN','GPMDPF','GPMDSBS','1');
Insert into Jd1dta.DM_TARGET_TABLES (MODULE_NAME,JOBNAME,TARGET_TABLE,INDEX_NAME,VALID_FLG) values ('Billing_History','G1ZDBILLIN','GPMDPF','GPMDSUB','1');
Insert into Jd1dta.DM_TARGET_TABLES (MODULE_NAME,JOBNAME,TARGET_TABLE,INDEX_NAME,VALID_FLG) values ('Billing_History','G1ZDBILLIN','GPMDPF','GPMDTCD','1');
Insert into Jd1dta.DM_TARGET_TABLES (MODULE_NAME,JOBNAME,TARGET_TABLE,INDEX_NAME,VALID_FLG) values ('Billing_History','G1ZDBILLIN','GPMDPF','GPMDTPA','1');
Insert into Jd1dta.DM_TARGET_TABLES (MODULE_NAME,JOBNAME,TARGET_TABLE,INDEX_NAME,VALID_FLG) values ('Billing_History','G1ZDBILLIN','GPMDPF','GPMDTPP','1');
Insert into Jd1dta.DM_TARGET_TABLES (MODULE_NAME,JOBNAME,TARGET_TABLE,INDEX_NAME,VALID_FLG) values ('Billing_History','G1ZDBILLIN','GPMDPF','GPMDTRC','1');
Insert into Jd1dta.DM_TARGET_TABLES (MODULE_NAME,JOBNAME,TARGET_TABLE,INDEX_NAME,VALID_FLG) values ('Billing_History','G1ZDBILLIN','GPMDPF','GPMDTRN','1');
Insert into Jd1dta.DM_TARGET_TABLES (MODULE_NAME,JOBNAME,TARGET_TABLE,INDEX_NAME,VALID_FLG) values ('Billing_History','G1ZDBILLIN','GPMDPF','IDX1_PA_ITR2_GPMDPF','1');
Insert into Jd1dta.DM_TARGET_TABLES (MODULE_NAME,JOBNAME,TARGET_TABLE,INDEX_NAME,VALID_FLG) values ('Billing_History','G1ZDBILLIN','GPMDPF','IDX1_PA_ITR3_BQ9HI_GPMDPF','1');
Insert into Jd1dta.DM_TARGET_TABLES (MODULE_NAME,JOBNAME,TARGET_TABLE,INDEX_NAME,VALID_FLG) values ('Billing_Refund','G1ZDBILLRF','GBIHPF','GBIHRTN','1');
Insert into Jd1dta.DM_TARGET_TABLES (MODULE_NAME,JOBNAME,TARGET_TABLE,INDEX_NAME,VALID_FLG) values ('Billing_Refund','G1ZDBILLRF','GBIHPF','GBIHSUB','1');
Insert into Jd1dta.DM_TARGET_TABLES (MODULE_NAME,JOBNAME,TARGET_TABLE,INDEX_NAME,VALID_FLG) values ('Billing_Refund','G1ZDBILLRF','GBIHPF','PT_GBIH_BILNO_IDX','1');
Insert into Jd1dta.DM_TARGET_TABLES (MODULE_NAME,JOBNAME,TARGET_TABLE,INDEX_NAME,VALID_FLG) values ('Billing_Refund','G1ZDBILLRF','GPMDPF','06_IDX_PA_ITR2_CLRS_GPMD','1');
Insert into Jd1dta.DM_TARGET_TABLES (MODULE_NAME,JOBNAME,TARGET_TABLE,INDEX_NAME,VALID_FLG) values ('Billing_Refund','G1ZDBILLRF','GPMDPF','07_IDX_PA_ITR2_CLRS_GPMD_RECNO','1');
Insert into Jd1dta.DM_TARGET_TABLES (MODULE_NAME,JOBNAME,TARGET_TABLE,INDEX_NAME,VALID_FLG) values ('Billing_Refund','G1ZDBILLRF','GPMDPF','GPMD','1');
Insert into Jd1dta.DM_TARGET_TABLES (MODULE_NAME,JOBNAME,TARGET_TABLE,INDEX_NAME,VALID_FLG) values ('Billing_Refund','G1ZDBILLRF','GPMDPF','GPMDBAT','1');
Insert into Jd1dta.DM_TARGET_TABLES (MODULE_NAME,JOBNAME,TARGET_TABLE,INDEX_NAME,VALID_FLG) values ('Billing_Refund','G1ZDBILLRF','GPMDPF','GPMDBBI','1');
Insert into Jd1dta.DM_TARGET_TABLES (MODULE_NAME,JOBNAME,TARGET_TABLE,INDEX_NAME,VALID_FLG) values ('Billing_Refund','G1ZDBILLRF','GPMDPF','GPMDBIL','1');
Insert into Jd1dta.DM_TARGET_TABLES (MODULE_NAME,JOBNAME,TARGET_TABLE,INDEX_NAME,VALID_FLG) values ('Billing_Refund','G1ZDBILLRF','GPMDPF','GPMDBLL','1');
Insert into Jd1dta.DM_TARGET_TABLES (MODULE_NAME,JOBNAME,TARGET_TABLE,INDEX_NAME,VALID_FLG) values ('Billing_Refund','G1ZDBILLRF','GPMDPF','GPMDCBM','1');
Insert into Jd1dta.DM_TARGET_TABLES (MODULE_NAME,JOBNAME,TARGET_TABLE,INDEX_NAME,VALID_FLG) values ('Billing_Refund','G1ZDBILLRF','GPMDPF','GPMDCMT','1');
Insert into Jd1dta.DM_TARGET_TABLES (MODULE_NAME,JOBNAME,TARGET_TABLE,INDEX_NAME,VALID_FLG) values ('Billing_Refund','G1ZDBILLRF','GPMDPF','GPMDCOM','1');
Insert into Jd1dta.DM_TARGET_TABLES (MODULE_NAME,JOBNAME,TARGET_TABLE,INDEX_NAME,VALID_FLG) values ('Billing_Refund','G1ZDBILLRF','GPMDPF','GPMDCSH','1');
Insert into Jd1dta.DM_TARGET_TABLES (MODULE_NAME,JOBNAME,TARGET_TABLE,INDEX_NAME,VALID_FLG) values ('Billing_Refund','G1ZDBILLRF','GPMDPF','GPMDEFF','1');
Insert into Jd1dta.DM_TARGET_TABLES (MODULE_NAME,JOBNAME,TARGET_TABLE,INDEX_NAME,VALID_FLG) values ('Billing_Refund','G1ZDBILLRF','GPMDPF','GPMDFRM','1');
Insert into Jd1dta.DM_TARGET_TABLES (MODULE_NAME,JOBNAME,TARGET_TABLE,INDEX_NAME,VALID_FLG) values ('Billing_Refund','G1ZDBILLRF','GPMDPF','GPMDINV','1');
Insert into Jd1dta.DM_TARGET_TABLES (MODULE_NAME,JOBNAME,TARGET_TABLE,INDEX_NAME,VALID_FLG) values ('Billing_Refund','G1ZDBILLRF','GPMDPF','GPMDMBR','1');
Insert into Jd1dta.DM_TARGET_TABLES (MODULE_NAME,JOBNAME,TARGET_TABLE,INDEX_NAME,VALID_FLG) values ('Billing_Refund','G1ZDBILLRF','GPMDPF','GPMDMFE','1');
Insert into Jd1dta.DM_TARGET_TABLES (MODULE_NAME,JOBNAME,TARGET_TABLE,INDEX_NAME,VALID_FLG) values ('Billing_Refund','G1ZDBILLRF','GPMDPF','GPMDMPP','1');
Insert into Jd1dta.DM_TARGET_TABLES (MODULE_NAME,JOBNAME,TARGET_TABLE,INDEX_NAME,VALID_FLG) values ('Billing_Refund','G1ZDBILLRF','GPMDPF','GPMDPRP','1');
Insert into Jd1dta.DM_TARGET_TABLES (MODULE_NAME,JOBNAME,TARGET_TABLE,INDEX_NAME,VALID_FLG) values ('Billing_Refund','G1ZDBILLRF','GPMDPF','GPMDRCN','1');
Insert into Jd1dta.DM_TARGET_TABLES (MODULE_NAME,JOBNAME,TARGET_TABLE,INDEX_NAME,VALID_FLG) values ('Billing_Refund','G1ZDBILLRF','GPMDPF','GPMDSBS','1');
Insert into Jd1dta.DM_TARGET_TABLES (MODULE_NAME,JOBNAME,TARGET_TABLE,INDEX_NAME,VALID_FLG) values ('Billing_Refund','G1ZDBILLRF','GPMDPF','GPMDSUB','1');
Insert into Jd1dta.DM_TARGET_TABLES (MODULE_NAME,JOBNAME,TARGET_TABLE,INDEX_NAME,VALID_FLG) values ('Billing_Refund','G1ZDBILLRF','GPMDPF','GPMDTCD','1');
Insert into Jd1dta.DM_TARGET_TABLES (MODULE_NAME,JOBNAME,TARGET_TABLE,INDEX_NAME,VALID_FLG) values ('Billing_Refund','G1ZDBILLRF','GPMDPF','GPMDTPA','1');
Insert into Jd1dta.DM_TARGET_TABLES (MODULE_NAME,JOBNAME,TARGET_TABLE,INDEX_NAME,VALID_FLG) values ('Billing_Refund','G1ZDBILLRF','GPMDPF','GPMDTPP','1');
Insert into Jd1dta.DM_TARGET_TABLES (MODULE_NAME,JOBNAME,TARGET_TABLE,INDEX_NAME,VALID_FLG) values ('Billing_Refund','G1ZDBILLRF','GPMDPF','GPMDTRC','1');
Insert into Jd1dta.DM_TARGET_TABLES (MODULE_NAME,JOBNAME,TARGET_TABLE,INDEX_NAME,VALID_FLG) values ('Billing_Refund','G1ZDBILLRF','GPMDPF','GPMDTRN','1');
Insert into Jd1dta.DM_TARGET_TABLES (MODULE_NAME,JOBNAME,TARGET_TABLE,INDEX_NAME,VALID_FLG) values ('Billing_Refund','G1ZDBILLRF','GPMDPF','IDX1_PA_ITR2_GPMDPF','1');
Insert into Jd1dta.DM_TARGET_TABLES (MODULE_NAME,JOBNAME,TARGET_TABLE,INDEX_NAME,VALID_FLG) values ('Billing_Refund','G1ZDBILLRF','GPMDPF','IDX1_PA_ITR3_BQ9HI_GPMDPF','1');
Insert into Jd1dta.DM_TARGET_TABLES (MODULE_NAME,JOBNAME,TARGET_TABLE,INDEX_NAME,VALID_FLG) values ('Billing_Refund','G1ZDBILLRF','ZRFDPF','IDX1_PA_ITR3_BQ9HI_ZRFDPF','1');
Insert into Jd1dta.DM_TARGET_TABLES (MODULE_NAME,JOBNAME,TARGET_TABLE,INDEX_NAME,VALID_FLG) values ('Campaign_Code','G1ZDCAMPCD','ZCPNPF','IDX_ZCPNPF_ZCCODIND','1');
Insert into Jd1dta.DM_TARGET_TABLES (MODULE_NAME,JOBNAME,TARGET_TABLE,INDEX_NAME,VALID_FLG) values ('Campaign_Code','G1ZDCAMPCD','ZCSLPF','ZCSLPF_I1','1');
Insert into Jd1dta.DM_TARGET_TABLES (MODULE_NAME,JOBNAME,TARGET_TABLE,INDEX_NAME,VALID_FLG) values ('Client_Bank','G1ZDCLTBNK','AUDIT_CLRRPF','IDX_AUDIT_CLRRPF_NEWCLNT','1');
Insert into Jd1dta.DM_TARGET_TABLES (MODULE_NAME,JOBNAME,TARGET_TABLE,INDEX_NAME,VALID_FLG) values ('Client_Bank','G1ZDCLTBNK','AUDIT_CLRRPF','IDX_AUDIT_CLRRPF_OLDCLNT','1');
Insert into Jd1dta.DM_TARGET_TABLES (MODULE_NAME,JOBNAME,TARGET_TABLE,INDEX_NAME,VALID_FLG) values ('Client_Bank','G1ZDCLTBNK','CLBAPF','CLBA','1');
Insert into Jd1dta.DM_TARGET_TABLES (MODULE_NAME,JOBNAME,TARGET_TABLE,INDEX_NAME,VALID_FLG) values ('Client_Bank','G1ZDCLTBNK','CLBAPF','CLBAACC','1');
Insert into Jd1dta.DM_TARGET_TABLES (MODULE_NAME,JOBNAME,TARGET_TABLE,INDEX_NAME,VALID_FLG) values ('Client_Bank','G1ZDCLTBNK','CLBAPF','CLBACCD','1');
Insert into Jd1dta.DM_TARGET_TABLES (MODULE_NAME,JOBNAME,TARGET_TABLE,INDEX_NAME,VALID_FLG) values ('Client_Bank','G1ZDCLTBNK','CLBAPF','CLBADDB','1');
Insert into Jd1dta.DM_TARGET_TABLES (MODULE_NAME,JOBNAME,TARGET_TABLE,INDEX_NAME,VALID_FLG) values ('Client_Bank','G1ZDCLTBNK','CLBAPF','CLBL','1');
Insert into Jd1dta.DM_TARGET_TABLES (MODULE_NAME,JOBNAME,TARGET_TABLE,INDEX_NAME,VALID_FLG) values ('Client_Bank','G1ZDCLTBNK','CLBAPF','PT_CLBAPF','1');
Insert into Jd1dta.DM_TARGET_TABLES (MODULE_NAME,JOBNAME,TARGET_TABLE,INDEX_NAME,VALID_FLG) values ('Client_Bank','G1ZDCLTBNK','CLRRPF','05_IDX_PA_ITR2_CLRS_CLRR','1');
Insert into Jd1dta.DM_TARGET_TABLES (MODULE_NAME,JOBNAME,TARGET_TABLE,INDEX_NAME,VALID_FLG) values ('Client_Bank','G1ZDCLTBNK','CLRRPF','CLRF','1');
Insert into Jd1dta.DM_TARGET_TABLES (MODULE_NAME,JOBNAME,TARGET_TABLE,INDEX_NAME,VALID_FLG) values ('Client_Bank','G1ZDCLTBNK','CLRRPF','CLRRFCC','1');
Insert into Jd1dta.DM_TARGET_TABLES (MODULE_NAME,JOBNAME,TARGET_TABLE,INDEX_NAME,VALID_FLG) values ('Client_Bank','G1ZDCLTBNK','CLRRPF','CLRRFOR','1');
Insert into Jd1dta.DM_TARGET_TABLES (MODULE_NAME,JOBNAME,TARGET_TABLE,INDEX_NAME,VALID_FLG) values ('Client_Bank','G1ZDCLTBNK','CLRRPF','CLRRPFSEARCH','1');
Insert into Jd1dta.DM_TARGET_TABLES (MODULE_NAME,JOBNAME,TARGET_TABLE,INDEX_NAME,VALID_FLG) values ('Client_Bank','G1ZDCLTBNK','CLRRPF','CLRRPF_I1','1');
Insert into Jd1dta.DM_TARGET_TABLES (MODULE_NAME,JOBNAME,TARGET_TABLE,INDEX_NAME,VALID_FLG) values ('Client_History','G1ZDPCLHIS','AUDIT_CLNTPF','PT_AUDIT_CLNTPF_OLDCLNTNUM','1');
Insert into Jd1dta.DM_TARGET_TABLES (MODULE_NAME,JOBNAME,TARGET_TABLE,INDEX_NAME,VALID_FLG) values ('Client_History','G1ZDPCLHIS','CLEXPF','CLEXIND','1');
Insert into Jd1dta.DM_TARGET_TABLES (MODULE_NAME,JOBNAME,TARGET_TABLE,INDEX_NAME,VALID_FLG) values ('Client_History','G1ZDPCLHIS','CLEXPF','CLEXOID','1');
Insert into Jd1dta.DM_TARGET_TABLES (MODULE_NAME,JOBNAME,TARGET_TABLE,INDEX_NAME,VALID_FLG) values ('Client_History','G1ZDPCLHIS','CLEXPF','CLEXPF_I1','1');
Insert into Jd1dta.DM_TARGET_TABLES (MODULE_NAME,JOBNAME,TARGET_TABLE,INDEX_NAME,VALID_FLG) values ('Client_History','G1ZDPCLHIS','CLNTPF','BENCH_CLNT','1');
Insert into Jd1dta.DM_TARGET_TABLES (MODULE_NAME,JOBNAME,TARGET_TABLE,INDEX_NAME,VALID_FLG) values ('Client_History','G1ZDPCLHIS','CLNTPF','CLAG','1');
Insert into Jd1dta.DM_TARGET_TABLES (MODULE_NAME,JOBNAME,TARGET_TABLE,INDEX_NAME,VALID_FLG) values ('Client_History','G1ZDPCLHIS','CLNTPF','CLCC','1');
Insert into Jd1dta.DM_TARGET_TABLES (MODULE_NAME,JOBNAME,TARGET_TABLE,INDEX_NAME,VALID_FLG) values ('Client_History','G1ZDPCLHIS','CLNTPF','CLNT','1');
Insert into Jd1dta.DM_TARGET_TABLES (MODULE_NAME,JOBNAME,TARGET_TABLE,INDEX_NAME,VALID_FLG) values ('Client_History','G1ZDPCLHIS','CLNTPF','CLNT3766','1');
Insert into Jd1dta.DM_TARGET_TABLES (MODULE_NAME,JOBNAME,TARGET_TABLE,INDEX_NAME,VALID_FLG) values ('Client_History','G1ZDPCLHIS','CLNTPF','CLNTPFSEARCH','1');
Insert into Jd1dta.DM_TARGET_TABLES (MODULE_NAME,JOBNAME,TARGET_TABLE,INDEX_NAME,VALID_FLG) values ('Client_History','G1ZDPCLHIS','CLNTPF','CLNTPF_I1','1');
Insert into Jd1dta.DM_TARGET_TABLES (MODULE_NAME,JOBNAME,TARGET_TABLE,INDEX_NAME,VALID_FLG) values ('Client_History','G1ZDPCLHIS','CLNTPF','CLNTPF_I2','1');
Insert into Jd1dta.DM_TARGET_TABLES (MODULE_NAME,JOBNAME,TARGET_TABLE,INDEX_NAME,VALID_FLG) values ('Client_History','G1ZDPCLHIS','CLNTPF','CLNTPF_IDX_PE1','1');
Insert into Jd1dta.DM_TARGET_TABLES (MODULE_NAME,JOBNAME,TARGET_TABLE,INDEX_NAME,VALID_FLG) values ('Client_History','G1ZDPCLHIS','CLNTPF','CLNTPF_IDX_PE2','1');
Insert into Jd1dta.DM_TARGET_TABLES (MODULE_NAME,JOBNAME,TARGET_TABLE,INDEX_NAME,VALID_FLG) values ('Client_History','G1ZDPCLHIS','CLNTPF','CLNTPF_SURNAME_NLSSORT','1');
Insert into Jd1dta.DM_TARGET_TABLES (MODULE_NAME,JOBNAME,TARGET_TABLE,INDEX_NAME,VALID_FLG) values ('Client_History','G1ZDPCLHIS','CLNTPF','CLNTSSN','1');
Insert into Jd1dta.DM_TARGET_TABLES (MODULE_NAME,JOBNAME,TARGET_TABLE,INDEX_NAME,VALID_FLG) values ('Client_History','G1ZDPCLHIS','CLNTPF','CLOW','1');
Insert into Jd1dta.DM_TARGET_TABLES (MODULE_NAME,JOBNAME,TARGET_TABLE,INDEX_NAME,VALID_FLG) values ('Client_History','G1ZDPCLHIS','CLNTPF','CLSDBNM','1');
Insert into Jd1dta.DM_TARGET_TABLES (MODULE_NAME,JOBNAME,TARGET_TABLE,INDEX_NAME,VALID_FLG) values ('Client_History','G1ZDPCLHIS','CLNTPF','ZCLNTPFSEARCH','1');
Insert into Jd1dta.DM_TARGET_TABLES (MODULE_NAME,JOBNAME,TARGET_TABLE,INDEX_NAME,VALID_FLG) values ('Client_History','G1ZDPCLHIS','VERSIONPF','VERSIONPF_PT_CLNTNUM','1');
Insert into Jd1dta.DM_TARGET_TABLES (MODULE_NAME,JOBNAME,TARGET_TABLE,INDEX_NAME,VALID_FLG) values ('Client_History','G1ZDPCLHIS','ZCLNPF','IDX_ZCLNPF_MIS','1');
Insert into Jd1dta.DM_TARGET_TABLES (MODULE_NAME,JOBNAME,TARGET_TABLE,INDEX_NAME,VALID_FLG) values ('Client_History','G1ZDPCLHIS','ZCLNPF','ZCLNPF_I1','1');
Insert into Jd1dta.DM_TARGET_TABLES (MODULE_NAME,JOBNAME,TARGET_TABLE,INDEX_NAME,VALID_FLG) values ('Letters','G1ZDLETR','LETCPF','LETCCLT','1');
Insert into Jd1dta.DM_TARGET_TABLES (MODULE_NAME,JOBNAME,TARGET_TABLE,INDEX_NAME,VALID_FLG) values ('Letters','G1ZDLETR','LETCPF','LETCDRY','1');
Insert into Jd1dta.DM_TARGET_TABLES (MODULE_NAME,JOBNAME,TARGET_TABLE,INDEX_NAME,VALID_FLG) values ('Letters','G1ZDLETR','LETCPF','LETCDSP','1');
Insert into Jd1dta.DM_TARGET_TABLES (MODULE_NAME,JOBNAME,TARGET_TABLE,INDEX_NAME,VALID_FLG) values ('Letters','G1ZDLETR','LETCPF','LETCMNT','1');
Insert into Jd1dta.DM_TARGET_TABLES (MODULE_NAME,JOBNAME,TARGET_TABLE,INDEX_NAME,VALID_FLG) values ('Letters','G1ZDLETR','LETCPF','LETCPCM','1');
Insert into Jd1dta.DM_TARGET_TABLES (MODULE_NAME,JOBNAME,TARGET_TABLE,INDEX_NAME,VALID_FLG) values ('Letters','G1ZDLETR','LETCPF','LETCPF_I1','1');
Insert into Jd1dta.DM_TARGET_TABLES (MODULE_NAME,JOBNAME,TARGET_TABLE,INDEX_NAME,VALID_FLG) values ('Letters','G1ZDLETR','LETCPF','LETCPF_I2','1');
Insert into Jd1dta.DM_TARGET_TABLES (MODULE_NAME,JOBNAME,TARGET_TABLE,INDEX_NAME,VALID_FLG) values ('Letters','G1ZDLETR','LETCPF','LETCUTI','1');
Insert into Jd1dta.DM_TARGET_TABLES (MODULE_NAME,JOBNAME,TARGET_TABLE,INDEX_NAME,VALID_FLG) values ('Member_Policy','G1ZDMBRIND','AUDIT_CLRRPF','IDX_AUDIT_CLRRPF_NEWCLNT','1');
Insert into Jd1dta.DM_TARGET_TABLES (MODULE_NAME,JOBNAME,TARGET_TABLE,INDEX_NAME,VALID_FLG) values ('Member_Policy','G1ZDMBRIND','AUDIT_CLRRPF','IDX_AUDIT_CLRRPF_OLDCLNT','1');
Insert into Jd1dta.DM_TARGET_TABLES (MODULE_NAME,JOBNAME,TARGET_TABLE,INDEX_NAME,VALID_FLG) values ('Member_Policy','G1ZDMBRIND','CHDRPF','BENCH_CHDR','1');
Insert into Jd1dta.DM_TARGET_TABLES (MODULE_NAME,JOBNAME,TARGET_TABLE,INDEX_NAME,VALID_FLG) values ('Member_Policy','G1ZDMBRIND','CHDRPF','BENCH_CHDR2','1');
Insert into Jd1dta.DM_TARGET_TABLES (MODULE_NAME,JOBNAME,TARGET_TABLE,INDEX_NAME,VALID_FLG) values ('Member_Policy','G1ZDMBRIND','CHDRPF','BENCH_CHDR3','1');
Insert into Jd1dta.DM_TARGET_TABLES (MODULE_NAME,JOBNAME,TARGET_TABLE,INDEX_NAME,VALID_FLG) values ('Member_Policy','G1ZDMBRIND','CHDRPF','CHAG','1');
Insert into Jd1dta.DM_TARGET_TABLES (MODULE_NAME,JOBNAME,TARGET_TABLE,INDEX_NAME,VALID_FLG) values ('Member_Policy','G1ZDMBRIND','CHDRPF','CHAGWEB','1');
Insert into Jd1dta.DM_TARGET_TABLES (MODULE_NAME,JOBNAME,TARGET_TABLE,INDEX_NAME,VALID_FLG) values ('Member_Policy','G1ZDMBRIND','CHDRPF','CHBA','1');
Insert into Jd1dta.DM_TARGET_TABLES (MODULE_NAME,JOBNAME,TARGET_TABLE,INDEX_NAME,VALID_FLG) values ('Member_Policy','G1ZDMBRIND','CHDRPF','CHBM','1');
Insert into Jd1dta.DM_TARGET_TABLES (MODULE_NAME,JOBNAME,TARGET_TABLE,INDEX_NAME,VALID_FLG) values ('Member_Policy','G1ZDMBRIND','CHDRPF','CHBN','1');
Insert into Jd1dta.DM_TARGET_TABLES (MODULE_NAME,JOBNAME,TARGET_TABLE,INDEX_NAME,VALID_FLG) values ('Member_Policy','G1ZDMBRIND','CHDRPF','CHDR','1');
Insert into Jd1dta.DM_TARGET_TABLES (MODULE_NAME,JOBNAME,TARGET_TABLE,INDEX_NAME,VALID_FLG) values ('Member_Policy','G1ZDMBRIND','CHDRPF','CHDRAFI','1');
Insert into Jd1dta.DM_TARGET_TABLES (MODULE_NAME,JOBNAME,TARGET_TABLE,INDEX_NAME,VALID_FLG) values ('Member_Policy','G1ZDMBRIND','CHDRPF','CHDRAGT','1');
Insert into Jd1dta.DM_TARGET_TABLES (MODULE_NAME,JOBNAME,TARGET_TABLE,INDEX_NAME,VALID_FLG) values ('Member_Policy','G1ZDMBRIND','CHDRPF','CHDRARC','1');
Insert into Jd1dta.DM_TARGET_TABLES (MODULE_NAME,JOBNAME,TARGET_TABLE,INDEX_NAME,VALID_FLG) values ('Member_Policy','G1ZDMBRIND','CHDRPF','CHDROWN','1');
Insert into Jd1dta.DM_TARGET_TABLES (MODULE_NAME,JOBNAME,TARGET_TABLE,INDEX_NAME,VALID_FLG) values ('Member_Policy','G1ZDMBRIND','CHDRPF','CHDRPF_I1','1');
Insert into Jd1dta.DM_TARGET_TABLES (MODULE_NAME,JOBNAME,TARGET_TABLE,INDEX_NAME,VALID_FLG) values ('Member_Policy','G1ZDMBRIND','CHDRPF','CHDRPYR','1');
Insert into Jd1dta.DM_TARGET_TABLES (MODULE_NAME,JOBNAME,TARGET_TABLE,INDEX_NAME,VALID_FLG) values ('Member_Policy','G1ZDMBRIND','CHDRPF','CHD_1_CHDRPF','1');
Insert into Jd1dta.DM_TARGET_TABLES (MODULE_NAME,JOBNAME,TARGET_TABLE,INDEX_NAME,VALID_FLG) values ('Member_Policy','G1ZDMBRIND','CHDRPF','CHD_2_CHDRPF','1');
Insert into Jd1dta.DM_TARGET_TABLES (MODULE_NAME,JOBNAME,TARGET_TABLE,INDEX_NAME,VALID_FLG) values ('Member_Policy','G1ZDMBRIND','CHDRPF','GCHDOWN','1');
Insert into Jd1dta.DM_TARGET_TABLES (MODULE_NAME,JOBNAME,TARGET_TABLE,INDEX_NAME,VALID_FLG) values ('Member_Policy','G1ZDMBRIND','CHDRPF','HCHRMPS','1');
Insert into Jd1dta.DM_TARGET_TABLES (MODULE_NAME,JOBNAME,TARGET_TABLE,INDEX_NAME,VALID_FLG) values ('Member_Policy','G1ZDMBRIND','CHDRPF','IDX4_PA_ITR2_BQ9G2','1');
Insert into Jd1dta.DM_TARGET_TABLES (MODULE_NAME,JOBNAME,TARGET_TABLE,INDEX_NAME,VALID_FLG) values ('Member_Policy','G1ZDMBRIND','CHDRPF','IDX_CHDMP_PA_ITR2','1');
Insert into Jd1dta.DM_TARGET_TABLES (MODULE_NAME,JOBNAME,TARGET_TABLE,INDEX_NAME,VALID_FLG) values ('Member_Policy','G1ZDMBRIND','CHDRPF','PRCC','1');
Insert into Jd1dta.DM_TARGET_TABLES (MODULE_NAME,JOBNAME,TARGET_TABLE,INDEX_NAME,VALID_FLG) values ('Member_Policy','G1ZDMBRIND','CHDRPF','PRCT','1');
Insert into Jd1dta.DM_TARGET_TABLES (MODULE_NAME,JOBNAME,TARGET_TABLE,INDEX_NAME,VALID_FLG) values ('Member_Policy','G1ZDMBRIND','CLRRPF','05_IDX_PA_ITR2_CLRS_CLRR','1');
Insert into Jd1dta.DM_TARGET_TABLES (MODULE_NAME,JOBNAME,TARGET_TABLE,INDEX_NAME,VALID_FLG) values ('Member_Policy','G1ZDMBRIND','CLRRPF','CLRF','1');
Insert into Jd1dta.DM_TARGET_TABLES (MODULE_NAME,JOBNAME,TARGET_TABLE,INDEX_NAME,VALID_FLG) values ('Member_Policy','G1ZDMBRIND','CLRRPF','CLRRFCC','1');
Insert into Jd1dta.DM_TARGET_TABLES (MODULE_NAME,JOBNAME,TARGET_TABLE,INDEX_NAME,VALID_FLG) values ('Member_Policy','G1ZDMBRIND','CLRRPF','CLRRFOR','1');
Insert into Jd1dta.DM_TARGET_TABLES (MODULE_NAME,JOBNAME,TARGET_TABLE,INDEX_NAME,VALID_FLG) values ('Member_Policy','G1ZDMBRIND','CLRRPF','CLRRPFSEARCH','1');
Insert into Jd1dta.DM_TARGET_TABLES (MODULE_NAME,JOBNAME,TARGET_TABLE,INDEX_NAME,VALID_FLG) values ('Member_Policy','G1ZDMBRIND','CLRRPF','CLRRPF_I1','1');
Insert into Jd1dta.DM_TARGET_TABLES (MODULE_NAME,JOBNAME,TARGET_TABLE,INDEX_NAME,VALID_FLG) values ('Member_Policy','G1ZDMBRIND','GCHIPF','GCAG','1');
Insert into Jd1dta.DM_TARGET_TABLES (MODULE_NAME,JOBNAME,TARGET_TABLE,INDEX_NAME,VALID_FLG) values ('Member_Policy','G1ZDMBRIND','GCHIPF','GCHI','1');
Insert into Jd1dta.DM_TARGET_TABLES (MODULE_NAME,JOBNAME,TARGET_TABLE,INDEX_NAME,VALID_FLG) values ('Member_Policy','G1ZDMBRIND','GCHIPF','GCHIASC','1');
Insert into Jd1dta.DM_TARGET_TABLES (MODULE_NAME,JOBNAME,TARGET_TABLE,INDEX_NAME,VALID_FLG) values ('Member_Policy','G1ZDMBRIND','GCHIPF','GCHIPYR','1');
Insert into Jd1dta.DM_TARGET_TABLES (MODULE_NAME,JOBNAME,TARGET_TABLE,INDEX_NAME,VALID_FLG) values ('Member_Policy','G1ZDMBRIND','GCHIPF','GCHIRNL','1');
Insert into Jd1dta.DM_TARGET_TABLES (MODULE_NAME,JOBNAME,TARGET_TABLE,INDEX_NAME,VALID_FLG) values ('Member_Policy','G1ZDMBRIND','GCHIPF','GCHITRN','1');
Insert into Jd1dta.DM_TARGET_TABLES (MODULE_NAME,JOBNAME,TARGET_TABLE,INDEX_NAME,VALID_FLG) values ('Member_Policy','G1ZDMBRIND','GCHIPF','IDX1_PA_ITR2_BQ9G2','1');
Insert into Jd1dta.DM_TARGET_TABLES (MODULE_NAME,JOBNAME,TARGET_TABLE,INDEX_NAME,VALID_FLG) values ('Member_Policy','G1ZDMBRIND','GCHPPF','CR0258_GCHP_ENDCODE_ZGPORIPCLS','1');
Insert into Jd1dta.DM_TARGET_TABLES (MODULE_NAME,JOBNAME,TARGET_TABLE,INDEX_NAME,VALID_FLG) values ('Member_Policy','G1ZDMBRIND','GCHPPF','GCHPPF_I1','1');
Insert into Jd1dta.DM_TARGET_TABLES (MODULE_NAME,JOBNAME,TARGET_TABLE,INDEX_NAME,VALID_FLG) values ('Member_Policy','G1ZDMBRIND','GCHPPF','IDX_GCHPPF_POLDATE','1');
Insert into Jd1dta.DM_TARGET_TABLES (MODULE_NAME,JOBNAME,TARGET_TABLE,INDEX_NAME,VALID_FLG) values ('Member_Policy','G1ZDMBRIND','GMHDPF','BENCH_GMHD','1');
Insert into Jd1dta.DM_TARGET_TABLES (MODULE_NAME,JOBNAME,TARGET_TABLE,INDEX_NAME,VALID_FLG) values ('Member_Policy','G1ZDMBRIND','GMHDPF','GMHDCLI','1');
Insert into Jd1dta.DM_TARGET_TABLES (MODULE_NAME,JOBNAME,TARGET_TABLE,INDEX_NAME,VALID_FLG) values ('Member_Policy','G1ZDMBRIND','GMHDPF','GMHDCLN','1');
Insert into Jd1dta.DM_TARGET_TABLES (MODULE_NAME,JOBNAME,TARGET_TABLE,INDEX_NAME,VALID_FLG) values ('Member_Policy','G1ZDMBRIND','GMHDPF','GMHDCLT','1');
Insert into Jd1dta.DM_TARGET_TABLES (MODULE_NAME,JOBNAME,TARGET_TABLE,INDEX_NAME,VALID_FLG) values ('Member_Policy','G1ZDMBRIND','GMHDPF','GMHDEMP','1');
Insert into Jd1dta.DM_TARGET_TABLES (MODULE_NAME,JOBNAME,TARGET_TABLE,INDEX_NAME,VALID_FLG) values ('Member_Policy','G1ZDMBRIND','GMHDPF','GMHDENO','1');
Insert into Jd1dta.DM_TARGET_TABLES (MODULE_NAME,JOBNAME,TARGET_TABLE,INDEX_NAME,VALID_FLG) values ('Member_Policy','G1ZDMBRIND','GMHDPF','IDX1_PA_ITR2_BQ9MT_GMHDPF','1');
Insert into Jd1dta.DM_TARGET_TABLES (MODULE_NAME,JOBNAME,TARGET_TABLE,INDEX_NAME,VALID_FLG) values ('Member_Policy','G1ZDMBRIND','GMHDPF','IDX1_PA_ITR2_GMHDPF','1');
Insert into Jd1dta.DM_TARGET_TABLES (MODULE_NAME,JOBNAME,TARGET_TABLE,INDEX_NAME,VALID_FLG) values ('Member_Policy','G1ZDMBRIND','GMHDPF','IDX2_PA_ITR2_BQ9G2','1');
Insert into Jd1dta.DM_TARGET_TABLES (MODULE_NAME,JOBNAME,TARGET_TABLE,INDEX_NAME,VALID_FLG) values ('Member_Policy','G1ZDMBRIND','GMHDPF','IDX_ITR3_GMHD_RNWL','1');
Insert into Jd1dta.DM_TARGET_TABLES (MODULE_NAME,JOBNAME,TARGET_TABLE,INDEX_NAME,VALID_FLG) values ('Member_Policy','G1ZDMBRIND','GMHIPF','GMHIEFF','1');
Insert into Jd1dta.DM_TARGET_TABLES (MODULE_NAME,JOBNAME,TARGET_TABLE,INDEX_NAME,VALID_FLG) values ('Member_Policy','G1ZDMBRIND','GMHIPF','GMHIPF_PT_CHDR_TRAN_EFFDT','1');
Insert into Jd1dta.DM_TARGET_TABLES (MODULE_NAME,JOBNAME,TARGET_TABLE,INDEX_NAME,VALID_FLG) values ('Member_Policy','G1ZDMBRIND','GMHIPF','GMHISUM','1');
Insert into Jd1dta.DM_TARGET_TABLES (MODULE_NAME,JOBNAME,TARGET_TABLE,INDEX_NAME,VALID_FLG) values ('Member_Policy','G1ZDMBRIND','GMHIPF','IDX1_PA_ITR2_BQ9MT_GMHIPF','1');
Insert into Jd1dta.DM_TARGET_TABLES (MODULE_NAME,JOBNAME,TARGET_TABLE,INDEX_NAME,VALID_FLG) values ('Member_Policy','G1ZDMBRIND','ZCELINKPF','PT_ZCELNKPF','1');
Insert into Jd1dta.DM_TARGET_TABLES (MODULE_NAME,JOBNAME,TARGET_TABLE,INDEX_NAME,VALID_FLG) values ('Member_Policy','G1ZDMBRIND','ZCELINKPF','ZCELINKPF_I1','1');
Insert into Jd1dta.DM_TARGET_TABLES (MODULE_NAME,JOBNAME,TARGET_TABLE,INDEX_NAME,VALID_FLG) values ('Member_Policy','G1ZDMBRIND','ZCLEPF','ZCLEPF_I1','1');
Insert into Jd1dta.DM_TARGET_TABLES (MODULE_NAME,JOBNAME,TARGET_TABLE,INDEX_NAME,VALID_FLG) values ('Member_Policy','G1ZDMBRIND','ZCLEPF','ZCLE_I1','1');
Insert into Jd1dta.DM_TARGET_TABLES (MODULE_NAME,JOBNAME,TARGET_TABLE,INDEX_NAME,VALID_FLG) values ('Personal_Client','G1ZDPERCLT','AUDIT_CLNTPF','PT_AUDIT_CLNTPF_OLDCLNTNUM','1');
Insert into Jd1dta.DM_TARGET_TABLES (MODULE_NAME,JOBNAME,TARGET_TABLE,INDEX_NAME,VALID_FLG) values ('Personal_Client','G1ZDPERCLT','CLEXPF','CLEXIND','1');
Insert into Jd1dta.DM_TARGET_TABLES (MODULE_NAME,JOBNAME,TARGET_TABLE,INDEX_NAME,VALID_FLG) values ('Personal_Client','G1ZDPERCLT','CLEXPF','CLEXOID','1');
Insert into Jd1dta.DM_TARGET_TABLES (MODULE_NAME,JOBNAME,TARGET_TABLE,INDEX_NAME,VALID_FLG) values ('Personal_Client','G1ZDPERCLT','CLEXPF','CLEXPF_I1','1');
Insert into Jd1dta.DM_TARGET_TABLES (MODULE_NAME,JOBNAME,TARGET_TABLE,INDEX_NAME,VALID_FLG) values ('Personal_Client','G1ZDPERCLT','CLNTPF','BENCH_CLNT','1');
Insert into Jd1dta.DM_TARGET_TABLES (MODULE_NAME,JOBNAME,TARGET_TABLE,INDEX_NAME,VALID_FLG) values ('Personal_Client','G1ZDPERCLT','CLNTPF','CLAG','1');
Insert into Jd1dta.DM_TARGET_TABLES (MODULE_NAME,JOBNAME,TARGET_TABLE,INDEX_NAME,VALID_FLG) values ('Personal_Client','G1ZDPERCLT','CLNTPF','CLCC','1');
Insert into Jd1dta.DM_TARGET_TABLES (MODULE_NAME,JOBNAME,TARGET_TABLE,INDEX_NAME,VALID_FLG) values ('Personal_Client','G1ZDPERCLT','CLNTPF','CLNT','1');
Insert into Jd1dta.DM_TARGET_TABLES (MODULE_NAME,JOBNAME,TARGET_TABLE,INDEX_NAME,VALID_FLG) values ('Personal_Client','G1ZDPERCLT','CLNTPF','CLNT3766','1');
Insert into Jd1dta.DM_TARGET_TABLES (MODULE_NAME,JOBNAME,TARGET_TABLE,INDEX_NAME,VALID_FLG) values ('Personal_Client','G1ZDPERCLT','CLNTPF','CLNTPFSEARCH','1');
Insert into Jd1dta.DM_TARGET_TABLES (MODULE_NAME,JOBNAME,TARGET_TABLE,INDEX_NAME,VALID_FLG) values ('Personal_Client','G1ZDPERCLT','CLNTPF','CLNTPF_I1','1');
Insert into Jd1dta.DM_TARGET_TABLES (MODULE_NAME,JOBNAME,TARGET_TABLE,INDEX_NAME,VALID_FLG) values ('Personal_Client','G1ZDPERCLT','CLNTPF','CLNTPF_I2','1');
Insert into Jd1dta.DM_TARGET_TABLES (MODULE_NAME,JOBNAME,TARGET_TABLE,INDEX_NAME,VALID_FLG) values ('Personal_Client','G1ZDPERCLT','CLNTPF','CLNTPF_IDX_PE1','1');
Insert into Jd1dta.DM_TARGET_TABLES (MODULE_NAME,JOBNAME,TARGET_TABLE,INDEX_NAME,VALID_FLG) values ('Personal_Client','G1ZDPERCLT','CLNTPF','CLNTPF_IDX_PE2','1');
Insert into Jd1dta.DM_TARGET_TABLES (MODULE_NAME,JOBNAME,TARGET_TABLE,INDEX_NAME,VALID_FLG) values ('Personal_Client','G1ZDPERCLT','CLNTPF','CLNTPF_SURNAME_NLSSORT','1');
Insert into Jd1dta.DM_TARGET_TABLES (MODULE_NAME,JOBNAME,TARGET_TABLE,INDEX_NAME,VALID_FLG) values ('Personal_Client','G1ZDPERCLT','CLNTPF','CLNTSSN','1');
Insert into Jd1dta.DM_TARGET_TABLES (MODULE_NAME,JOBNAME,TARGET_TABLE,INDEX_NAME,VALID_FLG) values ('Personal_Client','G1ZDPERCLT','CLNTPF','CLOW','1');
Insert into Jd1dta.DM_TARGET_TABLES (MODULE_NAME,JOBNAME,TARGET_TABLE,INDEX_NAME,VALID_FLG) values ('Personal_Client','G1ZDPERCLT','CLNTPF','CLSDBNM','1');
Insert into Jd1dta.DM_TARGET_TABLES (MODULE_NAME,JOBNAME,TARGET_TABLE,INDEX_NAME,VALID_FLG) values ('Personal_Client','G1ZDPERCLT','CLNTPF','ZCLNTPFSEARCH','1');
Insert into Jd1dta.DM_TARGET_TABLES (MODULE_NAME,JOBNAME,TARGET_TABLE,INDEX_NAME,VALID_FLG) values ('Personal_Client','G1ZDPERCLT','VERSIONPF','VERSIONPF_PT_CLNTNUM','1');
Insert into Jd1dta.DM_TARGET_TABLES (MODULE_NAME,JOBNAME,TARGET_TABLE,INDEX_NAME,VALID_FLG) values ('Personal_Client','G1ZDPERCLT','ZCLNPF','IDX_ZCLNPF_MIS','1');
Insert into Jd1dta.DM_TARGET_TABLES (MODULE_NAME,JOBNAME,TARGET_TABLE,INDEX_NAME,VALID_FLG) values ('Personal_Client','G1ZDPERCLT','ZCLNPF','ZCLNPF_I1','1');
Insert into Jd1dta.DM_TARGET_TABLES (MODULE_NAME,JOBNAME,TARGET_TABLE,INDEX_NAME,VALID_FLG) values ('Policy_Coverage','G1ZDPOLCOV','GXHIPF','GXHIHDC','1');
Insert into Jd1dta.DM_TARGET_TABLES (MODULE_NAME,JOBNAME,TARGET_TABLE,INDEX_NAME,VALID_FLG) values ('Policy_Coverage','G1ZDPOLCOV','GXHIPF','GXHIMBR','1');
Insert into Jd1dta.DM_TARGET_TABLES (MODULE_NAME,JOBNAME,TARGET_TABLE,INDEX_NAME,VALID_FLG) values ('Policy_Coverage','G1ZDPOLCOV','GXHIPF','GXHIMDE','1');
Insert into Jd1dta.DM_TARGET_TABLES (MODULE_NAME,JOBNAME,TARGET_TABLE,INDEX_NAME,VALID_FLG) values ('Policy_Coverage','G1ZDPOLCOV','GXHIPF','GXHIMPD','1');
Insert into Jd1dta.DM_TARGET_TABLES (MODULE_NAME,JOBNAME,TARGET_TABLE,INDEX_NAME,VALID_FLG) values ('Policy_Coverage','G1ZDPOLCOV','GXHIPF','GXHINEW','1');
Insert into Jd1dta.DM_TARGET_TABLES (MODULE_NAME,JOBNAME,TARGET_TABLE,INDEX_NAME,VALID_FLG) values ('Policy_Coverage','G1ZDPOLCOV','GXHIPF','GXHIPEM','1');
Insert into Jd1dta.DM_TARGET_TABLES (MODULE_NAME,JOBNAME,TARGET_TABLE,INDEX_NAME,VALID_FLG) values ('Policy_Coverage','G1ZDPOLCOV','GXHIPF','GXHIPF_PT_DATIME','1');
Insert into Jd1dta.DM_TARGET_TABLES (MODULE_NAME,JOBNAME,TARGET_TABLE,INDEX_NAME,VALID_FLG) values ('Policy_Coverage','G1ZDPOLCOV','GXHIPF','GXHIPF_PT_PRODTYP','1');
Insert into Jd1dta.DM_TARGET_TABLES (MODULE_NAME,JOBNAME,TARGET_TABLE,INDEX_NAME,VALID_FLG) values ('Policy_Coverage','G1ZDPOLCOV','GXHIPF','GXHIPF_PT_ZTAXFLG_DTEATT','1');
Insert into Jd1dta.DM_TARGET_TABLES (MODULE_NAME,JOBNAME,TARGET_TABLE,INDEX_NAME,VALID_FLG) values ('Policy_Coverage','G1ZDPOLCOV','GXHIPF','GXHIPLN','1');
Insert into Jd1dta.DM_TARGET_TABLES (MODULE_NAME,JOBNAME,TARGET_TABLE,INDEX_NAME,VALID_FLG) values ('Policy_Coverage','G1ZDPOLCOV','GXHIPF','GXHIPMP','1');
Insert into Jd1dta.DM_TARGET_TABLES (MODULE_NAME,JOBNAME,TARGET_TABLE,INDEX_NAME,VALID_FLG) values ('Policy_Coverage','G1ZDPOLCOV','GXHIPF','GXHIPRD','1');
Insert into Jd1dta.DM_TARGET_TABLES (MODULE_NAME,JOBNAME,TARGET_TABLE,INDEX_NAME,VALID_FLG) values ('Policy_Coverage','G1ZDPOLCOV','GXHIPF','GXHITRN','1');
Insert into Jd1dta.DM_TARGET_TABLES (MODULE_NAME,JOBNAME,TARGET_TABLE,INDEX_NAME,VALID_FLG) values ('Policy_Coverage','G1ZDPOLCOV','GXHIPF','IDX1_GXHI_PA_ITR2','1');
Insert into Jd1dta.DM_TARGET_TABLES (MODULE_NAME,JOBNAME,TARGET_TABLE,INDEX_NAME,VALID_FLG) values ('Policy_Coverage','G1ZDPOLCOV','GXHIPF','IDX1_PA_IT2_GXHI','1');
Insert into Jd1dta.DM_TARGET_TABLES (MODULE_NAME,JOBNAME,TARGET_TABLE,INDEX_NAME,VALID_FLG) values ('Policy_Coverage','G1ZDPOLCOV','GXHIPF','IDX1_PA_ITR3_BQ9HI_GXHIPF','1');
Insert into Jd1dta.DM_TARGET_TABLES (MODULE_NAME,JOBNAME,TARGET_TABLE,INDEX_NAME,VALID_FLG) values ('Policy_Coverage','G1ZDPOLCOV','ZODMPRMVERPF','ZODMPRMVERPF_IDX1','1');
Insert into Jd1dta.DM_TARGET_TABLES (MODULE_NAME,JOBNAME,TARGET_TABLE,INDEX_NAME,VALID_FLG) values ('Policy_Coverage','G1ZDPOLCOV','ZODMPRMVERPF','ZODMPRMVERPF_IDX2','1');
Insert into Jd1dta.DM_TARGET_TABLES (MODULE_NAME,JOBNAME,TARGET_TABLE,INDEX_NAME,VALID_FLG) values ('Policy_Coverage','G1ZDPOLCOV','ZSUBCOVDTLS','ZSUBCOVDTLS_IDX_PE1','1');
Insert into Jd1dta.DM_TARGET_TABLES (MODULE_NAME,JOBNAME,TARGET_TABLE,INDEX_NAME,VALID_FLG) values ('Policy_Coverage','G1ZDPOLCOV','ZSUBCOVDTLS','ZSUBCOVDTLS_UNIQUE_INDEX','1');
Insert into Jd1dta.DM_TARGET_TABLES (MODULE_NAME,JOBNAME,TARGET_TABLE,INDEX_NAME,VALID_FLG) values ('Policy_Coverage','G1ZDPOLCOV','ZTEMPCOVPF','ZTEMPCOVPF_I1','1');
Insert into Jd1dta.DM_TARGET_TABLES (MODULE_NAME,JOBNAME,TARGET_TABLE,INDEX_NAME,VALID_FLG) values ('Policy_Coverage','G1ZDPOLCOV','ZTEMPCOVPF','ZTEMPCOVPF_PT_CHDRNUM_TRANNO','1');
Insert into Jd1dta.DM_TARGET_TABLES (MODULE_NAME,JOBNAME,TARGET_TABLE,INDEX_NAME,VALID_FLG) values ('Policy_Coverage','G1ZDPOLCOV','ZTEMPCOVPF','ZTEMPCOVPF_SORT_IDX','1');
Insert into Jd1dta.DM_TARGET_TABLES (MODULE_NAME,JOBNAME,TARGET_TABLE,INDEX_NAME,VALID_FLG) values ('Policy_History','G1ZDPOLHST','ZALTPF','IDX1_PA_ITR2_BQ9MT_ZALTPF','1');
Insert into Jd1dta.DM_TARGET_TABLES (MODULE_NAME,JOBNAME,TARGET_TABLE,INDEX_NAME,VALID_FLG) values ('Policy_History','G1ZDPOLHST','ZALTPF','IDX_ZALTPF_MIS','1');
Insert into Jd1dta.DM_TARGET_TABLES (MODULE_NAME,JOBNAME,TARGET_TABLE,INDEX_NAME,VALID_FLG) values ('Policy_History','G1ZDPOLHST','ZALTPF','ZALTPF_PT_ZCONVINDPOL','1');
Insert into Jd1dta.DM_TARGET_TABLES (MODULE_NAME,JOBNAME,TARGET_TABLE,INDEX_NAME,VALID_FLG) values ('Policy_History','G1ZDPOLHST','ZALTPF','ZALTPF_SORT_IDX','1');
Insert into Jd1dta.DM_TARGET_TABLES (MODULE_NAME,JOBNAME,TARGET_TABLE,INDEX_NAME,VALID_FLG) values ('Policy_History','G1ZDPOLHST','ZBENFDTLSPF','ZBENFDTLSPF_IDX_PE1','1');
Insert into Jd1dta.DM_TARGET_TABLES (MODULE_NAME,JOBNAME,TARGET_TABLE,INDEX_NAME,VALID_FLG) values ('Policy_History','G1ZDPOLHST','ZBENFDTLSPF','ZBENFDTLSPF_UNIQUE_INDEX','1');
Insert into Jd1dta.DM_TARGET_TABLES (MODULE_NAME,JOBNAME,TARGET_TABLE,INDEX_NAME,VALID_FLG) values ('Policy_History','G1ZDPOLHST','ZINSDTLSPF','IDX3_PA_ITR2_BQ9G2','1');
Insert into Jd1dta.DM_TARGET_TABLES (MODULE_NAME,JOBNAME,TARGET_TABLE,INDEX_NAME,VALID_FLG) values ('Policy_History','G1ZDPOLHST','ZINSDTLSPF','IDX_ZINSDTLSPF_MIS_CHDRNUM','1');
Insert into Jd1dta.DM_TARGET_TABLES (MODULE_NAME,JOBNAME,TARGET_TABLE,INDEX_NAME,VALID_FLG) values ('Policy_History','G1ZDPOLHST','ZINSDTLSPF','IDX_ZINSDTLSPF_MIS_TRMDTE','1');
Insert into Jd1dta.DM_TARGET_TABLES (MODULE_NAME,JOBNAME,TARGET_TABLE,INDEX_NAME,VALID_FLG) values ('Policy_History','G1ZDPOLHST','ZINSDTLSPF','ZINSDTLSPF_IDX','1');
Insert into Jd1dta.DM_TARGET_TABLES (MODULE_NAME,JOBNAME,TARGET_TABLE,INDEX_NAME,VALID_FLG) values ('Policy_History','G1ZDPOLHST','ZMCIPF','ZMCIPF_I1','1');
Insert into Jd1dta.DM_TARGET_TABLES (MODULE_NAME,JOBNAME,TARGET_TABLE,INDEX_NAME,VALID_FLG) values ('Policy_History','G1ZDPOLHST','ZMCIPF','ZMCIPF_I2','1');
Insert into Jd1dta.DM_TARGET_TABLES (MODULE_NAME,JOBNAME,TARGET_TABLE,INDEX_NAME,VALID_FLG) values ('Policy_History','G1ZDPOLHST','ZTRAPF','CR028_ZTRAPF_APPRDTE','1');
Insert into Jd1dta.DM_TARGET_TABLES (MODULE_NAME,JOBNAME,TARGET_TABLE,INDEX_NAME,VALID_FLG) values ('Policy_History','G1ZDPOLHST','ZTRAPF','IDX1_PA_ITR2_BQ9MT_ZTRAPF','1');
Insert into Jd1dta.DM_TARGET_TABLES (MODULE_NAME,JOBNAME,TARGET_TABLE,INDEX_NAME,VALID_FLG) values ('Policy_History','G1ZDPOLHST','ZTRAPF','IDX2_PA_ITR2_BQ9MT_ZTRAPF','1');
Insert into Jd1dta.DM_TARGET_TABLES (MODULE_NAME,JOBNAME,TARGET_TABLE,INDEX_NAME,VALID_FLG) values ('Policy_History','G1ZDPOLHST','ZTRAPF','ZTRAPF_I1','1');
Insert into Jd1dta.DM_TARGET_TABLES (MODULE_NAME,JOBNAME,TARGET_TABLE,INDEX_NAME,VALID_FLG) values ('Policy_History','G1ZDPOLHST','ZTRAPF','ZTRAPF_PT_CHDR_TRAN_EFFDT','1');
Insert into Jd1dta.DM_TARGET_TABLES (MODULE_NAME,JOBNAME,TARGET_TABLE,INDEX_NAME,VALID_FLG) values ('Policy_History','G1ZDPOLHST','ZTRAPF','ZTRAPF_PT_DATIME','1');
Insert into Jd1dta.DM_TARGET_TABLES (MODULE_NAME,JOBNAME,TARGET_TABLE,INDEX_NAME,VALID_FLG) values ('Policy_History','G1ZDPOLHST','ZTRAPF','ZTRAPF_PT_ZTRXSTAT_ZQUOTIND','1');
Insert into Jd1dta.DM_TARGET_TABLES (MODULE_NAME,JOBNAME,TARGET_TABLE,INDEX_NAME,VALID_FLG) values ('Policy_History','G1ZDPOLHST','ZTRAPF','ZTRAPF_SORT_IDX','1');
Insert into Jd1dta.DM_TARGET_TABLES (MODULE_NAME,JOBNAME,TARGET_TABLE,INDEX_NAME,VALID_FLG) values ('Policy_History','G1ZDPOLHST','ZTRAPF','ZTRAPF_ENDCDE_IDX','1');
Insert into Jd1dta.DM_TARGET_TABLES (MODULE_NAME,JOBNAME,TARGET_TABLE,INDEX_NAME,VALID_FLG) values ('Policy_History','G1ZDPOLHST','ZTRAPF','ZTRAPF_PT_IDX1','1');
Insert into Jd1dta.DM_TARGET_TABLES (MODULE_NAME,JOBNAME,TARGET_TABLE,INDEX_NAME,VALID_FLG) values ('Policy_RiskNo','G1ZDAPIRNO','ZAPIRNOPF','IDX_ZAPIRNO_CHDRNUM','1');
Insert into Jd1dta.DM_TARGET_TABLES (MODULE_NAME,JOBNAME,TARGET_TABLE,INDEX_NAME,VALID_FLG) values ('Renewal_Determ','G1ZDRNWDTM','ZRNDTCOVPF','ZRNDTCOVPF_IDX1','1');
Insert into Jd1dta.DM_TARGET_TABLES (MODULE_NAME,JOBNAME,TARGET_TABLE,INDEX_NAME,VALID_FLG) values ('Renewal_Determ','G1ZDRNWDTM','ZRNDTDPF','ZRNDTDPF_IDX1','1');
Insert into Jd1dta.DM_TARGET_TABLES (MODULE_NAME,JOBNAME,TARGET_TABLE,INDEX_NAME,VALID_FLG) values ('Renewal_Determ','G1ZDRNWDTM','ZRNDTHPF','IDX_ITR3_ZRNDTH_RNWL','1');
Insert into Jd1dta.DM_TARGET_TABLES (MODULE_NAME,JOBNAME,TARGET_TABLE,INDEX_NAME,VALID_FLG) values ('Renewal_Determ','G1ZDRNWDTM','ZRNDTHPF','ZRNDTHPF_IDX1','1');
Insert into Jd1dta.DM_TARGET_TABLES (MODULE_NAME,JOBNAME,TARGET_TABLE,INDEX_NAME,VALID_FLG) values ('Renewal_Determ','G1ZDRNWDTM','ZRNDTHPF','ZRNDTHPF_IDX2','1');
Insert into Jd1dta.DM_TARGET_TABLES (MODULE_NAME,JOBNAME,TARGET_TABLE,INDEX_NAME,VALID_FLG) values ('Renewal_Determ','G1ZDRNWDTM','ZRNDTHPF','ZRNDTHPF_IDX3','1');
Insert into Jd1dta.DM_TARGET_TABLES (MODULE_NAME,JOBNAME,TARGET_TABLE,INDEX_NAME,VALID_FLG) values ('Renewal_Determ','G1ZDRNWDTM','ZRNDTSUBCOVPF','ZRNDTSUBCOVPF_IDX1','1');
Commit;
--********************************************************Index Master :END***********************************************************************
